<annotation><filename>imagen_11.jpg</filename><folder>users/Fenix//bd_listas2</folder><source><submittedBy>Adiel</submittedBy></source><imagesize><nrows>3400</nrows><ncols>2338</ncols></imagesize><object><name>1</name><deleted>0</deleted><verified>0</verified><occluded>no</occluded><attributes></attributes><parts><hasparts></hasparts><ispartof></ispartof></parts><date>25-Apr-2018 14:40:48</date><id>0</id><type>bounding_box</type><polygon><username>anonymous</username><pt><x>827</x><y>474</y></pt><pt><x>1128</x><y>474</y></pt><pt><x>1128</x><y>516</y></pt><pt><x>827</x><y>516</y></pt></polygon></object><object><name>2</name><deleted>0</deleted><verified>0</verified><occluded>no</occluded><attributes></attributes><parts><hasparts></hasparts><ispartof></ispartof></parts><date>25-Apr-2018 14:42:02</date><id>1</id><type>bounding_box</type><polygon><username>anonymous</username><pt><x>827</x><y>518</y></pt><pt><x>1125</x><y>518</y></pt><pt><x>1125</x><y>558</y></pt><pt><x>827</x><y>558</y></pt></polygon></object><object><name>3</name><deleted>0</deleted><verified>0</verified><occluded>no</occluded><attributes></attributes><parts><hasparts></hasparts><ispartof></ispartof></parts><date>25-Apr-2018 14:42:35</date><id>2</id><type>bounding_box</type><polygon><username>anonymous</username><pt><x>841</x><y>560</y></pt><pt><x>1108</x><y>560</y></pt><pt><x>1108</x><y>589</y></pt><pt><x>841</x><y>589</y></pt></polygon></object><object><name>4</name><deleted>0</deleted><verified>0</verified><occluded>no</occluded><attributes></attributes><parts><hasparts></hasparts><ispartof></ispartof></parts><date>25-Apr-2018 14:43:34</date><id>3</id><type>bounding_box</type><polygon><username>anonymous</username><pt><x>834</x><y>599</y></pt><pt><x>1093</x><y>599</y></pt><pt><x>1093</x><y>633</y></pt><pt><x>834</x><y>633</y></pt></polygon></object><object><name>5</name><deleted>1</deleted><verified>0</verified><occluded>no</occluded><attributes></attributes><parts><hasparts></hasparts><ispartof></ispartof></parts><date>25-Apr-2018 14:45:07</date><id>4</id><type>bounding_box</type><polygon><username>anonymous</username><pt><x>833</x><y>637</y></pt><pt><x>1080</x><y>637</y></pt><pt><x>1080</x><y>670</y></pt><pt><x>833</x><y>670</y></pt></polygon></object><object><name>5</name><deleted>0</deleted><verified>0</verified><occluded>no</occluded><attributes></attributes><parts><hasparts></hasparts><ispartof></ispartof></parts><date>25-Apr-2018 14:46:07</date><id>5</id><type>bounding_box</type><polygon><username>anonymous</username><pt><x>830</x><y>636</y></pt><pt><x>1085</x><y>636</y></pt><pt><x>1085</x><y>675</y></pt><pt><x>830</x><y>675</y></pt></polygon></object><object><name>6</name><deleted>0</deleted><verified>0</verified><occluded>no</occluded><attributes></attributes><parts><hasparts></hasparts><ispartof></ispartof></parts><date>25-Apr-2018 14:46:53</date><id>6</id><type>bounding_box</type><polygon><username>anonymous</username><pt><x>836</x><y>679</y></pt><pt><x>1065</x><y>679</y></pt><pt><x>1065</x><y>715</y></pt><pt><x>836</x><y>715</y></pt></polygon></object><object><name>7</name><deleted>0</deleted><verified>0</verified><occluded>no</occluded><attributes></attributes><parts><hasparts></hasparts><ispartof></ispartof></parts><date>25-Apr-2018 14:47:11</date><id>7</id><type>bounding_box</type><polygon><username>anonymous</username><pt><x>838</x><y>748</y></pt><pt><x>1066</x><y>748</y></pt><pt><x>1066</x><y>715</y></pt><pt><x>838</x><y>715</y></pt></polygon></object><object><name>8</name><deleted>0</deleted><verified>0</verified><occluded>no</occluded><attributes></attributes><parts><hasparts></hasparts><ispartof></ispartof></parts><date>25-Apr-2018 14:47:27</date><id>8</id><type>bounding_box</type><polygon><username>anonymous</username><pt><x>831</x><y>757</y></pt><pt><x>1069</x><y>757</y></pt><pt><x>1069</x><y>793</y></pt><pt><x>831</x><y>793</y></pt></polygon></object><object><name>9</name><deleted>0</deleted><verified>0</verified><occluded>no</occluded><attributes></attributes><parts><hasparts></hasparts><ispartof></ispartof></parts><date>25-Apr-2018 14:48:40</date><id>9</id><type>bounding_box</type><polygon><username>anonymous</username><pt><x>833</x><y>795</y></pt><pt><x>1051</x><y>795</y></pt><pt><x>1051</x><y>830</y></pt><pt><x>833</x><y>830</y></pt></polygon></object><object><name>10</name><deleted>0</deleted><verified>0</verified><occluded>no</occluded><attributes></attributes><parts><hasparts></hasparts><ispartof></ispartof></parts><date>25-Apr-2018 14:49:43</date><id>10</id><type>bounding_box</type><polygon><username>anonymous</username><pt><x>835</x><y>832</y></pt><pt><x>1068</x><y>832</y></pt><pt><x>1068</x><y>871</y></pt><pt><x>835</x><y>871</y></pt></polygon></object><object><name>11</name><deleted>0</deleted><verified>0</verified><occluded>no</occluded><attributes></attributes><parts><hasparts></hasparts><ispartof></ispartof></parts><date>25-Apr-2018 14:51:10</date><id>11</id><type>bounding_box</type><polygon><username>anonymous</username><pt><x>835</x><y>875</y></pt><pt><x>1075</x><y>875</y></pt><pt><x>1075</x><y>910</y></pt><pt><x>835</x><y>910</y></pt></polygon></object><object><name>12</name><deleted>0</deleted><verified>0</verified><occluded>no</occluded><attributes></attributes><parts><hasparts></hasparts><ispartof></ispartof></parts><date>25-Apr-2018 14:52:20</date><id>12</id><type>bounding_box</type><polygon><username>anonymous</username><pt><x>834</x><y>910</y></pt><pt><x>1075</x><y>910</y></pt><pt><x>1075</x><y>953</y></pt><pt><x>834</x><y>953</y></pt></polygon></object><object><name>13</name><deleted>0</deleted><verified>0</verified><occluded>no</occluded><attributes></attributes><parts><hasparts></hasparts><ispartof></ispartof></parts><date>25-Apr-2018 14:52:49</date><id>13</id><type>bounding_box</type><polygon><username>anonymous</username><pt><x>835</x><y>955</y></pt><pt><x>1086</x><y>955</y></pt><pt><x>1086</x><y>988</y></pt><pt><x>835</x><y>988</y></pt></polygon></object><object><name>14</name><deleted>1</deleted><verified>0</verified><occluded>no</occluded><attributes></attributes><parts><hasparts></hasparts><ispartof></ispartof></parts><date>25-Apr-2018 14:53:13</date><id>14</id><type>bounding_box</type><polygon><username>anonymous</username><pt><x>821</x><y>992</y></pt><pt><x>1023</x><y>992</y></pt><pt><x>1023</x><y>1028</y></pt><pt><x>821</x><y>1028</y></pt></polygon></object><object><name>14</name><deleted>1</deleted><verified>0</verified><occluded>no</occluded><attributes></attributes><parts><hasparts></hasparts><ispartof></ispartof></parts><date>25-Apr-2018 14:53:53</date><id>15</id><type>bounding_box</type><polygon><username>anonymous</username><pt><x>823</x><y>992</y></pt><pt><x>1027</x><y>992</y></pt><pt><x>1027</x><y>1030</y></pt><pt><x>823</x><y>1030</y></pt></polygon></object><object><name>14</name><deleted>0</deleted><verified>0</verified><occluded>no</occluded><attributes></attributes><parts><hasparts></hasparts><ispartof></ispartof></parts><date>25-Apr-2018 14:54:50</date><id>16</id><type>bounding_box</type><polygon><username>anonymous</username><pt><x>822</x><y>1025</y></pt><pt><x>1028</x><y>1025</y></pt><pt><x>1028</x><y>998</y></pt><pt><x>822</x><y>998</y></pt></polygon></object><object><name>15</name><deleted>0</deleted><verified>0</verified><occluded>no</occluded><attributes></attributes><parts><hasparts></hasparts><ispartof></ispartof></parts><date>25-Apr-2018 14:55:11</date><id>17</id><type>bounding_box</type><polygon><username>anonymous</username><pt><x>828</x><y>1027</y></pt><pt><x>1122</x><y>1027</y></pt><pt><x>1122</x><y>1072</y></pt><pt><x>828</x><y>1072</y></pt></polygon></object><object><name>16</name><deleted>0</deleted><verified>0</verified><occluded>no</occluded><attributes></attributes><parts><hasparts></hasparts><ispartof></ispartof></parts><date>25-Apr-2018 14:55:28</date><id>18</id><type>bounding_box</type><polygon><username>anonymous</username><pt><x>828</x><y>1074</y></pt><pt><x>1065</x><y>1074</y></pt><pt><x>1065</x><y>1107</y></pt><pt><x>828</x><y>1107</y></pt></polygon></object><object><name>17</name><deleted>0</deleted><verified>0</verified><occluded>no</occluded><attributes></attributes><parts><hasparts></hasparts><ispartof></ispartof></parts><date>25-Apr-2018 14:56:04</date><id>19</id><type>bounding_box</type><polygon><username>anonymous</username><pt><x>827</x><y>1109</y></pt><pt><x>1016</x><y>1109</y></pt><pt><x>1016</x><y>1152</y></pt><pt><x>827</x><y>1152</y></pt></polygon></object><object><name>18</name><deleted>0</deleted><verified>0</verified><occluded>no</occluded><attributes></attributes><parts><hasparts></hasparts><ispartof></ispartof></parts><date>25-Apr-2018 14:56:28</date><id>20</id><type>bounding_box</type><polygon><username>anonymous</username><pt><x>825</x><y>1154</y></pt><pt><x>1092</x><y>1154</y></pt><pt><x>1092</x><y>1186</y></pt><pt><x>825</x><y>1186</y></pt></polygon></object><object><name>19</name><deleted>0</deleted><verified>0</verified><occluded>no</occluded><attributes></attributes><parts><hasparts></hasparts><ispartof></ispartof></parts><date>25-Apr-2018 14:56:44</date><id>21</id><type>bounding_box</type><polygon><username>anonymous</username><pt><x>817</x><y>1186</y></pt><pt><x>1067</x><y>1186</y></pt><pt><x>1067</x><y>1231</y></pt><pt><x>817</x><y>1231</y></pt></polygon></object><object><name>20</name><deleted>0</deleted><verified>0</verified><occluded>no</occluded><attributes></attributes><parts><hasparts></hasparts><ispartof></ispartof></parts><date>25-Apr-2018 14:56:56</date><id>22</id><type>bounding_box</type><polygon><username>anonymous</username><pt><x>822</x><y>1266</y></pt><pt><x>1035</x><y>1266</y></pt><pt><x>1035</x><y>1233</y></pt><pt><x>822</x><y>1233</y></pt></polygon></object><object><name>21</name><deleted>0</deleted><verified>0</verified><occluded>no</occluded><attributes></attributes><parts><hasparts></hasparts><ispartof></ispartof></parts><date>25-Apr-2018 14:57:08</date><id>23</id><type>bounding_box</type><polygon><username>anonymous</username><pt><x>821</x><y>1267</y></pt><pt><x>1034</x><y>1267</y></pt><pt><x>1034</x><y>1304</y></pt><pt><x>821</x><y>1304</y></pt></polygon></object><object><name>22</name><deleted>0</deleted><verified>0</verified><occluded>no</occluded><attributes></attributes><parts><hasparts></hasparts><ispartof></ispartof></parts><date>25-Apr-2018 14:57:19</date><id>24</id><type>bounding_box</type><polygon><username>anonymous</username><pt><x>818</x><y>1307</y></pt><pt><x>1043</x><y>1307</y></pt><pt><x>1043</x><y>1344</y></pt><pt><x>818</x><y>1344</y></pt></polygon></object><object><name>23</name><deleted>0</deleted><verified>0</verified><occluded>no</occluded><attributes></attributes><parts><hasparts></hasparts><ispartof></ispartof></parts><date>25-Apr-2018 14:57:38</date><id>25</id><type>bounding_box</type><polygon><username>anonymous</username><pt><x>818</x><y>1346</y></pt><pt><x>1062</x><y>1346</y></pt><pt><x>1062</x><y>1386</y></pt><pt><x>818</x><y>1386</y></pt></polygon></object></annotation>