<annotation><filename>imagen_09.jpg</filename><folder>users/Synner6942//as</folder><source><submittedBy>Rene</submittedBy></source><imagesize><nrows>3400</nrows><ncols>2338</ncols></imagesize><object><name>1</name><deleted>0</deleted><verified>0</verified><occluded>no</occluded><attributes></attributes><parts><hasparts></hasparts><ispartof></ispartof></parts><date>25-Apr-2018 00:41:26</date><id>0</id><type>bounding_box</type><polygon><username>anonymous</username><pt><x>860</x><y>145</y></pt><pt><x>1192</x><y>145</y></pt><pt><x>1192</x><y>208</y></pt><pt><x>860</x><y>208</y></pt></polygon></object><object><name>2</name><deleted>0</deleted><verified>0</verified><occluded>no</occluded><attributes></attributes><parts><hasparts></hasparts><ispartof></ispartof></parts><date>25-Apr-2018 00:41:43</date><id>1</id><type>bounding_box</type><polygon><username>anonymous</username><pt><x>1192</x><y>259</y></pt><pt><x>876</x><y>259</y></pt><pt><x>876</x><y>206</y></pt><pt><x>1192</x><y>206</y></pt></polygon></object><object><name>3</name><deleted>0</deleted><verified>0</verified><occluded>no</occluded><attributes></attributes><parts><hasparts></hasparts><ispartof></ispartof></parts><date>25-Apr-2018 00:41:57</date><id>2</id><type>bounding_box</type><polygon><username>anonymous</username><pt><x>858</x><y>269</y></pt><pt><x>1190</x><y>269</y></pt><pt><x>1190</x><y>338</y></pt><pt><x>858</x><y>338</y></pt></polygon></object><object><name>4</name><deleted>0</deleted><verified>0</verified><occluded>no</occluded><attributes></attributes><parts><hasparts></hasparts><ispartof></ispartof></parts><date>25-Apr-2018 00:42:16</date><id>3</id><type>bounding_box</type><polygon><username>anonymous</username><pt><x>851</x><y>336</y></pt><pt><x>1269</x><y>336</y></pt><pt><x>1269</x><y>382</y></pt><pt><x>851</x><y>382</y></pt></polygon></object><object><name>5</name><deleted>0</deleted><verified>0</verified><occluded>no</occluded><attributes></attributes><parts><hasparts></hasparts><ispartof></ispartof></parts><date>25-Apr-2018 00:42:28</date><id>4</id><type>bounding_box</type><polygon><username>anonymous</username><pt><x>855</x><y>389</y></pt><pt><x>1177</x><y>389</y></pt><pt><x>1177</x><y>450</y></pt><pt><x>855</x><y>450</y></pt></polygon></object><object><name>6</name><deleted>0</deleted><verified>0</verified><occluded>no</occluded><attributes></attributes><parts><hasparts></hasparts><ispartof></ispartof></parts><date>25-Apr-2018 00:42:41</date><id>5</id><type>bounding_box</type><polygon><username>anonymous</username><pt><x>845</x><y>506</y></pt><pt><x>1162</x><y>506</y></pt><pt><x>1162</x><y>448</y></pt><pt><x>845</x><y>448</y></pt></polygon></object><object><name>7</name><deleted>0</deleted><verified>0</verified><occluded>no</occluded><attributes></attributes><parts><hasparts></hasparts><ispartof></ispartof></parts><date>25-Apr-2018 00:42:54</date><id>6</id><type>bounding_box</type><polygon><username>anonymous</username><pt><x>841</x><y>565</y></pt><pt><x>1133</x><y>565</y></pt><pt><x>1133</x><y>507</y></pt><pt><x>841</x><y>507</y></pt></polygon></object><object><name>8</name><deleted>0</deleted><verified>0</verified><occluded>no</occluded><attributes></attributes><parts><hasparts></hasparts><ispartof></ispartof></parts><date>25-Apr-2018 00:43:02</date><id>7</id><type>bounding_box</type><polygon><username>anonymous</username><pt><x>845</x><y>582</y></pt><pt><x>1166</x><y>582</y></pt><pt><x>1166</x><y>647</y></pt><pt><x>845</x><y>647</y></pt></polygon></object><object><name>9</name><deleted>0</deleted><verified>0</verified><occluded>no</occluded><attributes></attributes><parts><hasparts></hasparts><ispartof></ispartof></parts><date>25-Apr-2018 00:43:09</date><id>8</id><type>bounding_box</type><polygon><username>anonymous</username><pt><x>849</x><y>664</y></pt><pt><x>1171</x><y>664</y></pt><pt><x>1171</x><y>748</y></pt><pt><x>849</x><y>748</y></pt></polygon></object><object><name>10</name><deleted>0</deleted><verified>0</verified><occluded>no</occluded><attributes></attributes><parts><hasparts></hasparts><ispartof></ispartof></parts><date>25-Apr-2018 00:43:27</date><id>9</id><type>bounding_box</type><polygon><username>anonymous</username><pt><x>849</x><y>797</y></pt><pt><x>1158</x><y>797</y></pt><pt><x>1158</x><y>740</y></pt><pt><x>849</x><y>740</y></pt></polygon></object><object><name>11</name><deleted>0</deleted><verified>0</verified><occluded>no</occluded><attributes></attributes><parts><hasparts></hasparts><ispartof></ispartof></parts><date>25-Apr-2018 00:43:53</date><id>10</id><type>bounding_box</type><polygon><username>anonymous</username><pt><x>822</x><y>874</y></pt><pt><x>1126</x><y>874</y></pt><pt><x>1126</x><y>815</y></pt><pt><x>822</x><y>815</y></pt></polygon></object><object><name>12</name><deleted>0</deleted><verified>0</verified><occluded>no</occluded><attributes></attributes><parts><hasparts></hasparts><ispartof></ispartof></parts><date>25-Apr-2018 00:44:04</date><id>11</id><type>bounding_box</type><polygon><username>anonymous</username><pt><x>1116</x><y>950</y></pt><pt><x>824</x><y>950</y></pt><pt><x>824</x><y>874</y></pt><pt><x>1116</x><y>874</y></pt></polygon></object><object><name>13</name><deleted>0</deleted><verified>0</verified><occluded>no</occluded><attributes></attributes><parts><hasparts></hasparts><ispartof></ispartof></parts><date>25-Apr-2018 00:44:21</date><id>12</id><type>bounding_box</type><polygon><username>anonymous</username><pt><x>826</x><y>984</y></pt><pt><x>1110</x><y>984</y></pt><pt><x>1110</x><y>931</y></pt><pt><x>826</x><y>931</y></pt></polygon></object><object><name>14</name><deleted>0</deleted><verified>0</verified><occluded>no</occluded><attributes></attributes><parts><hasparts></hasparts><ispartof></ispartof></parts><date>25-Apr-2018 00:44:38</date><id>13</id><type>bounding_box</type><polygon><username>anonymous</username><pt><x>1097</x><y>1045</y></pt><pt><x>822</x><y>1045</y></pt><pt><x>822</x><y>986</y></pt><pt><x>1097</x><y>986</y></pt></polygon></object><object><name>15</name><deleted>0</deleted><verified>0</verified><occluded>no</occluded><attributes></attributes><parts><hasparts></hasparts><ispartof></ispartof></parts><date>25-Apr-2018 00:44:52</date><id>14</id><type>bounding_box</type><polygon><username>anonymous</username><pt><x>822</x><y>1095</y></pt><pt><x>1099</x><y>1095</y></pt><pt><x>1099</x><y>1045</y></pt><pt><x>822</x><y>1045</y></pt></polygon></object><object><name>16</name><deleted>0</deleted><verified>0</verified><occluded>no</occluded><attributes></attributes><parts><hasparts></hasparts><ispartof></ispartof></parts><date>25-Apr-2018 00:45:05</date><id>15</id><type>bounding_box</type><polygon><username>anonymous</username><pt><x>815</x><y>1145</y></pt><pt><x>1116</x><y>1145</y></pt><pt><x>1116</x><y>1093</y></pt><pt><x>815</x><y>1093</y></pt></polygon></object><object><name>17</name><deleted>0</deleted><verified>0</verified><occluded>no</occluded><attributes></attributes><parts><hasparts></hasparts><ispartof></ispartof></parts><date>25-Apr-2018 00:45:13</date><id>16</id><type>bounding_box</type><polygon><username>anonymous</username><pt><x>817</x><y>1200</y></pt><pt><x>1120</x><y>1200</y></pt><pt><x>1120</x><y>1145</y></pt><pt><x>817</x><y>1145</y></pt></polygon></object><object><name>18</name><deleted>0</deleted><verified>0</verified><occluded>no</occluded><attributes></attributes><parts><hasparts></hasparts><ispartof></ispartof></parts><date>25-Apr-2018 00:45:23</date><id>17</id><type>bounding_box</type><polygon><username>anonymous</username><pt><x>815</x><y>1213</y></pt><pt><x>1089</x><y>1213</y></pt><pt><x>1089</x><y>1263</y></pt><pt><x>815</x><y>1263</y></pt></polygon></object><object><name>19</name><deleted>0</deleted><verified>0</verified><occluded>no</occluded><attributes></attributes><parts><hasparts></hasparts><ispartof></ispartof></parts><date>25-Apr-2018 00:45:35</date><id>18</id><type>bounding_box</type><polygon><username>anonymous</username><pt><x>1093</x><y>1313</y></pt><pt><x>807</x><y>1313</y></pt><pt><x>807</x><y>1250</y></pt><pt><x>1093</x><y>1250</y></pt></polygon></object><object><name>20</name><deleted>0</deleted><verified>0</verified><occluded>no</occluded><attributes></attributes><parts><hasparts></hasparts><ispartof></ispartof></parts><date>25-Apr-2018 00:45:47</date><id>19</id><type>bounding_box</type><polygon><username>anonymous</username><pt><x>799</x><y>1381</y></pt><pt><x>1089</x><y>1381</y></pt><pt><x>1089</x><y>1301</y></pt><pt><x>799</x><y>1301</y></pt></polygon></object><object><name>21</name><deleted>0</deleted><verified>0</verified><occluded>no</occluded><attributes></attributes><parts><hasparts></hasparts><ispartof></ispartof></parts><date>25-Apr-2018 00:45:54</date><id>20</id><type>bounding_box</type><polygon><username>anonymous</username><pt><x>776</x><y>1429</y></pt><pt><x>1089</x><y>1429</y></pt><pt><x>1089</x><y>1511</y></pt><pt><x>776</x><y>1511</y></pt></polygon></object><object><name>22</name><deleted>0</deleted><verified>0</verified><occluded>no</occluded><attributes></attributes><parts><hasparts></hasparts><ispartof></ispartof></parts><date>25-Apr-2018 00:45:59</date><id>21</id><type>bounding_box</type><polygon><username>anonymous</username><pt><x>780</x><y>1519</y></pt><pt><x>1013</x><y>1519</y></pt><pt><x>1013</x><y>1625</y></pt><pt><x>780</x><y>1625</y></pt></polygon></object></annotation>