<annotation><filename>imagen_03.jpg</filename><folder>users/jfuentes2014//img</folder><source><submittedBy>juan</submittedBy></source><imagesize><nrows>3400</nrows><ncols>2338</ncols></imagesize><object><name>numbers</name><deleted>0</deleted><verified>0</verified><occluded>no</occluded><attributes></attributes><parts><hasparts></hasparts><ispartof></ispartof></parts><date>24-Apr-2018 21:19:25</date><id>0</id><type>bounding_box</type><polygon><username>anonymous</username><pt><x>779</x><y>86</y></pt><pt><x>1123</x><y>86</y></pt><pt><x>1123</x><y>144</y></pt><pt><x>779</x><y>144</y></pt></polygon></object><object><name>numbers</name><deleted>0</deleted><verified>0</verified><occluded>no</occluded><attributes></attributes><parts><hasparts></hasparts><ispartof></ispartof></parts><date>24-Apr-2018 21:19:42</date><id>1</id><type>bounding_box</type><polygon><username>anonymous</username><pt><x>778</x><y>166</y></pt><pt><x>1118</x><y>166</y></pt><pt><x>1118</x><y>215</y></pt><pt><x>778</x><y>215</y></pt></polygon></object><object><name>numbers</name><deleted>0</deleted><verified>0</verified><occluded>no</occluded><attributes></attributes><parts><hasparts></hasparts><ispartof></ispartof></parts><date>24-Apr-2018 21:19:54</date><id>2</id><type>bounding_box</type><polygon><username>anonymous</username><pt><x>773</x><y>231</y></pt><pt><x>1092</x><y>231</y></pt><pt><x>1092</x><y>267</y></pt><pt><x>773</x><y>267</y></pt></polygon></object><object><name>numbers</name><deleted>0</deleted><verified>0</verified><occluded>no</occluded><attributes></attributes><parts><hasparts></hasparts><ispartof></ispartof></parts><date>24-Apr-2018 21:20:09</date><id>3</id><type>bounding_box</type><polygon><username>anonymous</username><pt><x>767</x><y>279</y></pt><pt><x>1087</x><y>279</y></pt><pt><x>1087</x><y>335</y></pt><pt><x>767</x><y>335</y></pt></polygon></object><object><name>numbers</name><deleted>0</deleted><verified>0</verified><occluded>no</occluded><attributes></attributes><parts><hasparts></hasparts><ispartof></ispartof></parts><date>24-Apr-2018 21:20:20</date><id>4</id><type>bounding_box</type><polygon><username>anonymous</username><pt><x>763</x><y>348</y></pt><pt><x>1072</x><y>348</y></pt><pt><x>1072</x><y>402</y></pt><pt><x>763</x><y>402</y></pt></polygon></object><object><name>numbers</name><deleted>0</deleted><verified>0</verified><occluded>no</occluded><attributes></attributes><parts><hasparts></hasparts><ispartof></ispartof></parts><date>24-Apr-2018 21:20:42</date><id>5</id><type>bounding_box</type><polygon><username>anonymous</username><pt><x>758</x><y>427</y></pt><pt><x>1065</x><y>427</y></pt><pt><x>1065</x><y>471</y></pt><pt><x>758</x><y>471</y></pt></polygon></object><object><name>numbers</name><deleted>0</deleted><verified>0</verified><occluded>no</occluded><attributes></attributes><parts><hasparts></hasparts><ispartof></ispartof></parts><date>24-Apr-2018 21:20:59</date><id>6</id><type>bounding_box</type><polygon><username>anonymous</username><pt><x>754</x><y>493</y></pt><pt><x>1047</x><y>493</y></pt><pt><x>1047</x><y>546</y></pt><pt><x>754</x><y>546</y></pt></polygon></object><object><name>numbers</name><deleted>0</deleted><verified>0</verified><occluded>no</occluded><attributes></attributes><parts><hasparts></hasparts><ispartof></ispartof></parts><date>24-Apr-2018 21:21:11</date><id>7</id><type>bounding_box</type><polygon><username>anonymous</username><pt><x>752</x><y>551</y></pt><pt><x>1053</x><y>551</y></pt><pt><x>1053</x><y>601</y></pt><pt><x>752</x><y>601</y></pt></polygon></object><object><name>numbers</name><deleted>0</deleted><verified>0</verified><occluded>no</occluded><attributes></attributes><parts><hasparts></hasparts><ispartof></ispartof></parts><date>24-Apr-2018 21:21:22</date><id>8</id><type>bounding_box</type><polygon><username>anonymous</username><pt><x>768</x><y>607</y></pt><pt><x>1046</x><y>607</y></pt><pt><x>1046</x><y>649</y></pt><pt><x>768</x><y>649</y></pt></polygon></object><object><name>numbers</name><deleted>0</deleted><verified>0</verified><occluded>no</occluded><attributes></attributes><parts><hasparts></hasparts><ispartof></ispartof></parts><date>24-Apr-2018 21:21:34</date><id>9</id><type>bounding_box</type><polygon><username>anonymous</username><pt><x>760</x><y>656</y></pt><pt><x>1032</x><y>656</y></pt><pt><x>1032</x><y>700</y></pt><pt><x>760</x><y>700</y></pt></polygon></object><object><name>numbers</name><deleted>0</deleted><verified>0</verified><occluded>no</occluded><attributes></attributes><parts><hasparts></hasparts><ispartof></ispartof></parts><date>24-Apr-2018 21:21:46</date><id>10</id><type>bounding_box</type><polygon><username>anonymous</username><pt><x>758</x><y>705</y></pt><pt><x>1032</x><y>705</y></pt><pt><x>1032</x><y>746</y></pt><pt><x>758</x><y>746</y></pt></polygon></object><object><name>numbers</name><deleted>0</deleted><verified>0</verified><occluded>no</occluded><attributes></attributes><parts><hasparts></hasparts><ispartof></ispartof></parts><date>24-Apr-2018 21:22:15</date><id>11</id><type>bounding_box</type><polygon><username>anonymous</username><pt><x>754</x><y>762</y></pt><pt><x>1017</x><y>762</y></pt><pt><x>1017</x><y>800</y></pt><pt><x>754</x><y>800</y></pt></polygon></object><object><name>numbers</name><deleted>0</deleted><verified>0</verified><occluded>no</occluded><attributes></attributes><parts><hasparts></hasparts><ispartof></ispartof></parts><date>24-Apr-2018 21:22:29</date><id>12</id><type>bounding_box</type><polygon><username>anonymous</username><pt><x>767</x><y>805</y></pt><pt><x>994</x><y>805</y></pt><pt><x>994</x><y>841</y></pt><pt><x>767</x><y>841</y></pt></polygon></object><object><name>numbers</name><deleted>0</deleted><verified>0</verified><occluded>no</occluded><attributes></attributes><parts><hasparts></hasparts><ispartof></ispartof></parts><date>24-Apr-2018 21:22:41</date><id>13</id><type>bounding_box</type><polygon><username>anonymous</username><pt><x>766</x><y>847</y></pt><pt><x>1011</x><y>847</y></pt><pt><x>1011</x><y>885</y></pt><pt><x>766</x><y>885</y></pt></polygon></object><object><name>numbers</name><deleted>0</deleted><verified>0</verified><occluded>no</occluded><attributes></attributes><parts><hasparts></hasparts><ispartof></ispartof></parts><date>24-Apr-2018 21:22:49</date><id>14</id><type>bounding_box</type><polygon><username>anonymous</username><pt><x>757</x><y>901</y></pt><pt><x>1005</x><y>901</y></pt><pt><x>1005</x><y>941</y></pt><pt><x>757</x><y>941</y></pt></polygon></object><object><name>numbers</name><deleted>0</deleted><verified>0</verified><occluded>no</occluded><attributes></attributes><parts><hasparts></hasparts><ispartof></ispartof></parts><date>24-Apr-2018 21:23:08</date><id>15</id><type>bounding_box</type><polygon><username>anonymous</username><pt><x>751</x><y>956</y></pt><pt><x>1010</x><y>956</y></pt><pt><x>1010</x><y>1011</y></pt><pt><x>751</x><y>1011</y></pt></polygon></object><object><name>numbers</name><deleted>0</deleted><verified>0</verified><occluded>no</occluded><attributes></attributes><parts><hasparts></hasparts><ispartof></ispartof></parts><date>24-Apr-2018 21:23:58</date><id>16</id><type>bounding_box</type><polygon><username>anonymous</username><pt><x>751</x><y>1027</y></pt><pt><x>1006</x><y>1027</y></pt><pt><x>1006</x><y>1076</y></pt><pt><x>751</x><y>1076</y></pt></polygon></object><object><name>numbers</name><deleted>0</deleted><verified>0</verified><occluded>no</occluded><attributes></attributes><parts><hasparts></hasparts><ispartof></ispartof></parts><date>24-Apr-2018 21:24:48</date><id>17</id><type>bounding_box</type><polygon><username>anonymous</username><pt><x>753</x><y>1089</y></pt><pt><x>1023</x><y>1089</y></pt><pt><x>1023</x><y>1131</y></pt><pt><x>753</x><y>1131</y></pt></polygon></object><object><name>numbers</name><deleted>0</deleted><verified>0</verified><occluded>no</occluded><attributes></attributes><parts><hasparts></hasparts><ispartof></ispartof></parts><date>24-Apr-2018 21:25:01</date><id>18</id><type>bounding_box</type><polygon><username>anonymous</username><pt><x>753</x><y>1134</y></pt><pt><x>1024</x><y>1134</y></pt><pt><x>1024</x><y>1176</y></pt><pt><x>753</x><y>1176</y></pt></polygon></object><object><name>numbers</name><deleted>0</deleted><verified>0</verified><occluded>no</occluded><attributes></attributes><parts><hasparts></hasparts><ispartof></ispartof></parts><date>24-Apr-2018 21:25:11</date><id>19</id><type>bounding_box</type><polygon><username>anonymous</username><pt><x>757</x><y>1195</y></pt><pt><x>1032</x><y>1195</y></pt><pt><x>1032</x><y>1235</y></pt><pt><x>757</x><y>1235</y></pt></polygon></object><object><name>numbers</name><deleted>0</deleted><verified>0</verified><occluded>no</occluded><attributes></attributes><parts><hasparts></hasparts><ispartof></ispartof></parts><date>24-Apr-2018 21:25:23</date><id>20</id><type>bounding_box</type><polygon><username>anonymous</username><pt><x>745</x><y>1257</y></pt><pt><x>1030</x><y>1257</y></pt><pt><x>1030</x><y>1307</y></pt><pt><x>745</x><y>1307</y></pt></polygon></object><object><name>numbers</name><deleted>0</deleted><verified>0</verified><occluded>no</occluded><attributes></attributes><parts><hasparts></hasparts><ispartof></ispartof></parts><date>24-Apr-2018 21:25:37</date><id>21</id><type>bounding_box</type><polygon><username>anonymous</username><pt><x>737</x><y>1323</y></pt><pt><x>1050</x><y>1323</y></pt><pt><x>1050</x><y>1383</y></pt><pt><x>737</x><y>1383</y></pt></polygon></object><object><name>numbers</name><deleted>0</deleted><verified>0</verified><occluded>no</occluded><attributes></attributes><parts><hasparts></hasparts><ispartof></ispartof></parts><date>24-Apr-2018 21:25:45</date><id>22</id><type>bounding_box</type><polygon><username>anonymous</username><pt><x>724</x><y>1400</y></pt><pt><x>956</x><y>1400</y></pt><pt><x>956</x><y>1460</y></pt><pt><x>724</x><y>1460</y></pt></polygon></object></annotation>