<annotation><filename>imagen_01.jpg</filename><folder>users/Fenix//bd_listas2</folder><source><submittedBy>Adiel</submittedBy></source><imagesize><nrows>3400</nrows><ncols>2338</ncols></imagesize><object><name>1</name><deleted>0</deleted><verified>0</verified><occluded>no</occluded><attributes></attributes><parts><hasparts></hasparts><ispartof></ispartof></parts><date>24-Apr-2018 20:56:38</date><id>0</id><type>bounding_box</type><polygon><username>anonymous</username><pt><x>821</x><y>40</y></pt><pt><x>1113</x><y>40</y></pt><pt><x>1113</x><y>90</y></pt><pt><x>821</x><y>90</y></pt></polygon></object><object><name>2</name><deleted>0</deleted><verified>0</verified><occluded>no</occluded><attributes></attributes><parts><hasparts></hasparts><ispartof></ispartof></parts><date>24-Apr-2018 20:57:11</date><id>1</id><type>bounding_box</type><polygon><username>anonymous</username><pt><x>1143</x><y>112</y></pt><pt><x>810</x><y>112</y></pt><pt><x>810</x><y>153</y></pt><pt><x>1143</x><y>153</y></pt></polygon></object><object><name>3</name><deleted>0</deleted><verified>0</verified><occluded>no</occluded><attributes></attributes><parts><hasparts></hasparts><ispartof></ispartof></parts><date>24-Apr-2018 20:57:41</date><id>2</id><type>bounding_box</type><polygon><username>anonymous</username><pt><x>1123</x><y>158</y></pt><pt><x>811</x><y>158</y></pt><pt><x>811</x><y>205</y></pt><pt><x>1123</x><y>205</y></pt></polygon></object><object><name>4</name><deleted>0</deleted><verified>0</verified><occluded>no</occluded><attributes></attributes><parts><hasparts></hasparts><ispartof></ispartof></parts><date>24-Apr-2018 20:58:19</date><id>3</id><type>bounding_box</type><polygon><username>anonymous</username><pt><x>1125</x><y>210</y></pt><pt><x>815</x><y>210</y></pt><pt><x>815</x><y>262</y></pt><pt><x>1125</x><y>262</y></pt></polygon></object><object><name>5</name><deleted>0</deleted><verified>0</verified><occluded>no</occluded><attributes></attributes><parts><hasparts></hasparts><ispartof></ispartof></parts><date>24-Apr-2018 20:58:42</date><id>4</id><type>bounding_box</type><polygon><username>anonymous</username><pt><x>816</x><y>268</y></pt><pt><x>1101</x><y>268</y></pt><pt><x>1101</x><y>309</y></pt><pt><x>816</x><y>309</y></pt></polygon></object><object><name>6</name><deleted>0</deleted><verified>0</verified><occluded>no</occluded><attributes></attributes><parts><hasparts></hasparts><ispartof></ispartof></parts><date>24-Apr-2018 20:59:02</date><id>5</id><type>bounding_box</type><polygon><username>anonymous</username><pt><x>829</x><y>329</y></pt><pt><x>1102</x><y>329</y></pt><pt><x>1102</x><y>368</y></pt><pt><x>829</x><y>368</y></pt></polygon></object><object><name>7</name><deleted>0</deleted><verified>0</verified><occluded>no</occluded><attributes></attributes><parts><hasparts></hasparts><ispartof></ispartof></parts><date>24-Apr-2018 21:06:18</date><id>6</id><type>bounding_box</type><polygon><username>anonymous</username><pt><x>1099</x><y>389</y></pt><pt><x>825</x><y>389</y></pt><pt><x>825</x><y>433</y></pt><pt><x>1099</x><y>433</y></pt></polygon></object><object><name>8</name><deleted>0</deleted><verified>0</verified><occluded>no</occluded><attributes></attributes><parts><hasparts></hasparts><ispartof></ispartof></parts><date>24-Apr-2018 21:07:10</date><id>7</id><type>bounding_box</type><polygon><username>anonymous</username><pt><x>820</x><y>449</y></pt><pt><x>1095</x><y>449</y></pt><pt><x>1095</x><y>499</y></pt><pt><x>820</x><y>499</y></pt></polygon></object><object><name>9</name><deleted>0</deleted><verified>0</verified><occluded>no</occluded><attributes></attributes><parts><hasparts></hasparts><ispartof></ispartof></parts><date>24-Apr-2018 21:07:43</date><id>8</id><type>bounding_box</type><polygon><username>anonymous</username><pt><x>1086</x><y>508</y></pt><pt><x>820</x><y>508</y></pt><pt><x>820</x><y>550</y></pt><pt><x>1086</x><y>550</y></pt></polygon></object><object><name>10</name><deleted>0</deleted><verified>0</verified><occluded>no</occluded><attributes></attributes><parts><hasparts></hasparts><ispartof></ispartof></parts><date>24-Apr-2018 21:08:05</date><id>9</id><type>bounding_box</type><polygon><username>anonymous</username><pt><x>1064</x><y>560</y></pt><pt><x>824</x><y>560</y></pt><pt><x>824</x><y>596</y></pt><pt><x>1064</x><y>596</y></pt></polygon></object><object><name>11</name><deleted>0</deleted><verified>0</verified><occluded>no</occluded><attributes></attributes><parts><hasparts></hasparts><ispartof></ispartof></parts><date>24-Apr-2018 21:08:31</date><id>10</id><type>bounding_box</type><polygon><username>anonymous</username><pt><x>820</x><y>619</y></pt><pt><x>1075</x><y>619</y></pt><pt><x>1075</x><y>663</y></pt><pt><x>820</x><y>663</y></pt></polygon></object><object><name>12</name><deleted>0</deleted><verified>0</verified><occluded>no</occluded><attributes></attributes><parts><hasparts></hasparts><ispartof></ispartof></parts><date>24-Apr-2018 21:08:58</date><id>11</id><type>bounding_box</type><polygon><username>anonymous</username><pt><x>815</x><y>667</y></pt><pt><x>1107</x><y>667</y></pt><pt><x>1107</x><y>709</y></pt><pt><x>815</x><y>709</y></pt></polygon></object><object><name>13</name><deleted>0</deleted><verified>0</verified><occluded>no</occluded><attributes></attributes><parts><hasparts></hasparts><ispartof></ispartof></parts><date>24-Apr-2018 21:09:45</date><id>12</id><type>bounding_box</type><polygon><username>anonymous</username><pt><x>815</x><y>713</y></pt><pt><x>1082</x><y>713</y></pt><pt><x>1082</x><y>754</y></pt><pt><x>815</x><y>754</y></pt></polygon></object><object><name>14</name><deleted>0</deleted><verified>0</verified><occluded>no</occluded><attributes></attributes><parts><hasparts></hasparts><ispartof></ispartof></parts><date>24-Apr-2018 21:10:25</date><id>13</id><type>bounding_box</type><polygon><username>anonymous</username><pt><x>1050</x><y>762</y></pt><pt><x>816</x><y>762</y></pt><pt><x>816</x><y>801</y></pt><pt><x>1050</x><y>801</y></pt></polygon></object><object><name>15</name><deleted>0</deleted><verified>0</verified><occluded>no</occluded><attributes></attributes><parts><hasparts></hasparts><ispartof></ispartof></parts><date>24-Apr-2018 21:11:50</date><id>14</id><type>bounding_box</type><polygon><username>anonymous</username><pt><x>807</x><y>827</y></pt><pt><x>1074</x><y>827</y></pt><pt><x>1074</x><y>860</y></pt><pt><x>807</x><y>860</y></pt></polygon></object><object><name>16</name><deleted>0</deleted><verified>0</verified><occluded>no</occluded><attributes></attributes><parts><hasparts></hasparts><ispartof></ispartof></parts><date>24-Apr-2018 21:12:01</date><id>15</id><type>bounding_box</type><polygon><username>anonymous</username><pt><x>799</x><y>889</y></pt><pt><x>1071</x><y>889</y></pt><pt><x>1071</x><y>930</y></pt><pt><x>799</x><y>930</y></pt></polygon></object><object><name>17</name><deleted>0</deleted><verified>0</verified><occluded>no</occluded><attributes></attributes><parts><hasparts></hasparts><ispartof></ispartof></parts><date>24-Apr-2018 21:12:20</date><id>16</id><type>bounding_box</type><polygon><username>anonymous</username><pt><x>802</x><y>952</y></pt><pt><x>1027</x><y>952</y></pt><pt><x>1027</x><y>985</y></pt><pt><x>802</x><y>985</y></pt></polygon></object><object><name>18</name><deleted>0</deleted><verified>0</verified><occluded>no</occluded><attributes></attributes><parts><hasparts></hasparts><ispartof></ispartof></parts><date>24-Apr-2018 21:12:42</date><id>17</id><type>bounding_box</type><polygon><username>anonymous</username><pt><x>791</x><y>997</y></pt><pt><x>1029</x><y>997</y></pt><pt><x>1029</x><y>1049</y></pt><pt><x>791</x><y>1049</y></pt></polygon></object><object><name>19</name><deleted>0</deleted><verified>0</verified><occluded>no</occluded><attributes></attributes><parts><hasparts></hasparts><ispartof></ispartof></parts><date>24-Apr-2018 21:13:10</date><id>18</id><type>bounding_box</type><polygon><username>anonymous</username><pt><x>791</x><y>1057</y></pt><pt><x>1042</x><y>1057</y></pt><pt><x>1042</x><y>1098</y></pt><pt><x>791</x><y>1098</y></pt></polygon></object><object><name>20</name><deleted>0</deleted><verified>0</verified><occluded>no</occluded><attributes></attributes><parts><hasparts></hasparts><ispartof></ispartof></parts><date>24-Apr-2018 21:13:34</date><id>19</id><type>bounding_box</type><polygon><username>anonymous</username><pt><x>795</x><y>1166</y></pt><pt><x>999</x><y>1166</y></pt><pt><x>999</x><y>1220</y></pt><pt><x>795</x><y>1220</y></pt></polygon></object><object><name>21</name><deleted>0</deleted><verified>0</verified><occluded>no</occluded><attributes></attributes><parts><hasparts></hasparts><ispartof></ispartof></parts><date>24-Apr-2018 21:14:00</date><id>20</id><type>bounding_box</type><polygon><username>anonymous</username><pt><x>780</x><y>1228</y></pt><pt><x>1073</x><y>1228</y></pt><pt><x>1073</x><y>1291</y></pt><pt><x>780</x><y>1291</y></pt></polygon></object></annotation>