<annotation><filename>imagen_04.jpg</filename><folder>users/Fenix//bd_listas2</folder><source><submittedBy>Adiel</submittedBy></source><imagesize><nrows>3400</nrows><ncols>2338</ncols></imagesize><object><name>1</name><deleted>0</deleted><verified>0</verified><occluded>no</occluded><attributes></attributes><parts><hasparts></hasparts><ispartof></ispartof></parts><date>24-Apr-2018 21:19:12</date><id>0</id><type>bounding_box</type><polygon><username>anonymous</username><pt><x>771</x><y>68</y></pt><pt><x>1162</x><y>68</y></pt><pt><x>1162</x><y>113</y></pt><pt><x>771</x><y>113</y></pt></polygon></object><object><name>2</name><deleted>0</deleted><verified>0</verified><occluded>no</occluded><attributes></attributes><parts><hasparts></hasparts><ispartof></ispartof></parts><date>24-Apr-2018 21:19:25</date><id>1</id><type>bounding_box</type><polygon><username>anonymous</username><pt><x>757</x><y>183</y></pt><pt><x>1059</x><y>183</y></pt><pt><x>1059</x><y>245</y></pt><pt><x>757</x><y>245</y></pt></polygon></object><object><name>3</name><deleted>0</deleted><verified>0</verified><occluded>no</occluded><attributes></attributes><parts><hasparts></hasparts><ispartof></ispartof></parts><date>24-Apr-2018 21:19:43</date><id>2</id><type>bounding_box</type><polygon><username>anonymous</username><pt><x>1055</x><y>296</y></pt><pt><x>765</x><y>296</y></pt><pt><x>765</x><y>344</y></pt><pt><x>1055</x><y>344</y></pt></polygon></object><object><name>4</name><deleted>0</deleted><verified>0</verified><occluded>no</occluded><attributes></attributes><parts><hasparts></hasparts><ispartof></ispartof></parts><date>24-Apr-2018 21:20:03</date><id>3</id><type>bounding_box</type><polygon><username>anonymous</username><pt><x>763</x><y>379</y></pt><pt><x>1023</x><y>379</y></pt><pt><x>1023</x><y>429</y></pt><pt><x>763</x><y>429</y></pt></polygon></object><object><name>5</name><deleted>0</deleted><verified>0</verified><occluded>no</occluded><attributes></attributes><parts><hasparts></hasparts><ispartof></ispartof></parts><date>24-Apr-2018 21:20:18</date><id>4</id><type>bounding_box</type><polygon><username>anonymous</username><pt><x>751</x><y>462</y></pt><pt><x>1018</x><y>462</y></pt><pt><x>1018</x><y>510</y></pt><pt><x>751</x><y>510</y></pt></polygon></object><object><name>6</name><deleted>0</deleted><verified>0</verified><occluded>no</occluded><attributes></attributes><parts><hasparts></hasparts><ispartof></ispartof></parts><date>24-Apr-2018 21:20:37</date><id>5</id><type>bounding_box</type><polygon><username>anonymous</username><pt><x>1006</x><y>541</y></pt><pt><x>748</x><y>541</y></pt><pt><x>748</x><y>588</y></pt><pt><x>1006</x><y>588</y></pt></polygon></object><object><name>7</name><deleted>0</deleted><verified>0</verified><occluded>no</occluded><attributes></attributes><parts><hasparts></hasparts><ispartof></ispartof></parts><date>24-Apr-2018 21:20:54</date><id>6</id><type>bounding_box</type><polygon><username>anonymous</username><pt><x>733</x><y>630</y></pt><pt><x>1006</x><y>630</y></pt><pt><x>1006</x><y>674</y></pt><pt><x>733</x><y>674</y></pt></polygon></object><object><name>8</name><deleted>0</deleted><verified>0</verified><occluded>no</occluded><attributes></attributes><parts><hasparts></hasparts><ispartof></ispartof></parts><date>24-Apr-2018 21:21:08</date><id>7</id><type>bounding_box</type><polygon><username>anonymous</username><pt><x>1041</x><y>691</y></pt><pt><x>718</x><y>691</y></pt><pt><x>718</x><y>746</y></pt><pt><x>1041</x><y>746</y></pt></polygon></object><object><name>9</name><deleted>0</deleted><verified>0</verified><occluded>no</occluded><attributes></attributes><parts><hasparts></hasparts><ispartof></ispartof></parts><date>24-Apr-2018 21:21:21</date><id>8</id><type>bounding_box</type><polygon><username>anonymous</username><pt><x>703</x><y>782</y></pt><pt><x>889</x><y>782</y></pt><pt><x>889</x><y>835</y></pt><pt><x>703</x><y>835</y></pt></polygon></object><object><name>10</name><deleted>0</deleted><verified>0</verified><occluded>no</occluded><attributes></attributes><parts><hasparts></hasparts><ispartof></ispartof></parts><date>24-Apr-2018 21:21:35</date><id>9</id><type>bounding_box</type><polygon><username>anonymous</username><pt><x>1038</x><y>861</y></pt><pt><x>712</x><y>861</y></pt><pt><x>712</x><y>922</y></pt><pt><x>1038</x><y>922</y></pt></polygon></object><object><name>11</name><deleted>0</deleted><verified>0</verified><occluded>no</occluded><attributes></attributes><parts><hasparts></hasparts><ispartof></ispartof></parts><date>24-Apr-2018 21:21:46</date><id>10</id><type>bounding_box</type><polygon><username>anonymous</username><pt><x>1025</x><y>998</y></pt><pt><x>733</x><y>998</y></pt><pt><x>733</x><y>953</y></pt><pt><x>1025</x><y>953</y></pt></polygon></object><object><name>12</name><deleted>0</deleted><verified>0</verified><occluded>no</occluded><attributes></attributes><parts><hasparts></hasparts><ispartof></ispartof></parts><date>24-Apr-2018 21:22:26</date><id>11</id><type>bounding_box</type><polygon><username>anonymous</username><pt><x>722</x><y>1002</y></pt><pt><x>1046</x><y>1002</y></pt><pt><x>1046</x><y>1051</y></pt><pt><x>722</x><y>1051</y></pt></polygon></object><object><name>13</name><deleted>0</deleted><verified>0</verified><occluded>no</occluded><attributes></attributes><parts><hasparts></hasparts><ispartof></ispartof></parts><date>24-Apr-2018 21:22:41</date><id>12</id><type>bounding_box</type><polygon><username>anonymous</username><pt><x>714</x><y>1086</y></pt><pt><x>1011</x><y>1086</y></pt><pt><x>1011</x><y>1123</y></pt><pt><x>714</x><y>1123</y></pt></polygon></object><object><name>14</name><deleted>0</deleted><verified>0</verified><occluded>no</occluded><attributes></attributes><parts><hasparts></hasparts><ispartof></ispartof></parts><date>24-Apr-2018 21:22:54</date><id>13</id><type>bounding_box</type><polygon><username>anonymous</username><pt><x>971</x><y>1190</y></pt><pt><x>713</x><y>1190</y></pt><pt><x>713</x><y>1139</y></pt><pt><x>971</x><y>1139</y></pt></polygon></object><object><name>15</name><deleted>0</deleted><verified>0</verified><occluded>no</occluded><attributes></attributes><parts><hasparts></hasparts><ispartof></ispartof></parts><date>24-Apr-2018 21:23:54</date><id>14</id><type>bounding_box</type><polygon><username>anonymous</username><pt><x>712</x><y>1243</y></pt><pt><x>959</x><y>1243</y></pt><pt><x>959</x><y>1200</y></pt><pt><x>712</x><y>1200</y></pt></polygon></object><object><name>16</name><deleted>0</deleted><verified>0</verified><occluded>no</occluded><attributes></attributes><parts><hasparts></hasparts><ispartof></ispartof></parts><date>24-Apr-2018 21:24:45</date><id>15</id><type>bounding_box</type><polygon><username>anonymous</username><pt><x>978</x><y>1291</y></pt><pt><x>712</x><y>1291</y></pt><pt><x>712</x><y>1244</y></pt><pt><x>978</x><y>1244</y></pt></polygon></object><object><name>17</name><deleted>0</deleted><verified>0</verified><occluded>no</occluded><attributes></attributes><parts><hasparts></hasparts><ispartof></ispartof></parts><date>24-Apr-2018 21:25:05</date><id>16</id><type>bounding_box</type><polygon><username>anonymous</username><pt><x>698</x><y>1295</y></pt><pt><x>977</x><y>1295</y></pt><pt><x>977</x><y>1348</y></pt><pt><x>698</x><y>1348</y></pt></polygon></object><object><name>18</name><deleted>0</deleted><verified>0</verified><occluded>no</occluded><attributes></attributes><parts><hasparts></hasparts><ispartof></ispartof></parts><date>24-Apr-2018 21:25:18</date><id>17</id><type>bounding_box</type><polygon><username>anonymous</username><pt><x>954</x><y>1402</y></pt><pt><x>705</x><y>1402</y></pt><pt><x>705</x><y>1359</y></pt><pt><x>954</x><y>1359</y></pt></polygon></object><object><name>19</name><deleted>0</deleted><verified>0</verified><occluded>no</occluded><attributes></attributes><parts><hasparts></hasparts><ispartof></ispartof></parts><date>24-Apr-2018 21:25:31</date><id>18</id><type>bounding_box</type><polygon><username>anonymous</username><pt><x>702</x><y>1437</y></pt><pt><x>964</x><y>1437</y></pt><pt><x>964</x><y>1475</y></pt><pt><x>702</x><y>1475</y></pt></polygon></object><object><name>20</name><deleted>0</deleted><verified>0</verified><occluded>no</occluded><attributes></attributes><parts><hasparts></hasparts><ispartof></ispartof></parts><date>24-Apr-2018 21:25:54</date><id>19</id><type>bounding_box</type><polygon><username>anonymous</username><pt><x>698</x><y>1490</y></pt><pt><x>965</x><y>1490</y></pt><pt><x>965</x><y>1528</y></pt><pt><x>698</x><y>1528</y></pt></polygon></object></annotation>