<annotation><filename>imagen_07.jpg</filename><folder>users/riosquintanakarin//_bdd</folder><source><submittedBy>kari</submittedBy></source><imagesize><nrows>3400</nrows><ncols>2338</ncols></imagesize><object><name>rut</name><deleted>1</deleted><verified>0</verified><occluded>no</occluded><attributes/><parts><hasparts/><ispartof/></parts><date>19-Apr-2018 20:36:33</date><id>0</id><type>bounding_box</type><polygon><username>anonymous</username><pt><x>1133</x><y>114</y></pt><pt><x>1522</x><y>114</y></pt><pt><x>1522</x><y>209</y></pt><pt><x>1133</x><y>209</y></pt></polygon></object><object><name>rut</name><deleted>1</deleted><verified>0</verified><occluded>no</occluded><attributes/><parts><hasparts/><ispartof/></parts><date>19-Apr-2018 20:36:45</date><id>1</id><type>bounding_box</type><polygon><username>anonymous</username><pt><x>1126</x><y>232</y></pt><pt><x>1539</x><y>232</y></pt><pt><x>1539</x><y>311</y></pt><pt><x>1126</x><y>311</y></pt></polygon></object><object><name>numbers</name><deleted>0</deleted><verified>0</verified><occluded>no</occluded><attributes></attributes><parts><hasparts></hasparts><ispartof></ispartof></parts><date>24-Apr-2018 22:14:29</date><id>2</id><type>bounding_box</type><polygon><username>riosquintanakarin</username><pt><x>1133</x><y>128</y></pt><pt><x>1513</x><y>128</y></pt><pt><x>1513</x><y>199</y></pt><pt><x>1133</x><y>199</y></pt></polygon></object><object><name>2</name><deleted>1</deleted><verified>0</verified><occluded>no</occluded><attributes></attributes><parts><hasparts></hasparts><ispartof></ispartof></parts><date>24-Apr-2018 22:14:49</date><id>3</id><type>bounding_box</type><polygon><username>riosquintanakarin</username><pt><x>1133</x><y>228</y></pt><pt><x>1534</x><y>228</y></pt><pt><x>1534</x><y>311</y></pt><pt><x>1133</x><y>311</y></pt></polygon></object><object><name>numbers</name><deleted>0</deleted><verified>0</verified><occluded>no</occluded><attributes></attributes><parts><hasparts></hasparts><ispartof></ispartof></parts><date>24-Apr-2018 22:15:15</date><id>4</id><type>bounding_box</type><polygon><username>riosquintanakarin</username><pt><x>1496</x><y>360</y></pt><pt><x>1123</x><y>360</y></pt><pt><x>1123</x><y>304</y></pt><pt><x>1496</x><y>304</y></pt></polygon></object><object><name>numbers</name><deleted>0</deleted><verified>0</verified><occluded>no</occluded><attributes></attributes><parts><hasparts></hasparts><ispartof></ispartof></parts><date>24-Apr-2018 22:15:24</date><id>5</id><type>bounding_box</type><polygon><username>riosquintanakarin</username><pt><x>1124</x><y>226</y></pt><pt><x>1523</x><y>226</y></pt><pt><x>1523</x><y>302</y></pt><pt><x>1124</x><y>302</y></pt></polygon></object><object><name>numbers</name><deleted>0</deleted><verified>0</verified><occluded>no</occluded><attributes></attributes><parts><hasparts></hasparts><ispartof></ispartof></parts><date>24-Apr-2018 22:15:39</date><id>6</id><type>bounding_box</type><polygon><username>riosquintanakarin</username><pt><x>1505</x><y>427</y></pt><pt><x>1108</x><y>427</y></pt><pt><x>1108</x><y>365</y></pt><pt><x>1505</x><y>365</y></pt></polygon></object><object><name>numbers</name><deleted>0</deleted><verified>0</verified><occluded>no</occluded><attributes></attributes><parts><hasparts></hasparts><ispartof></ispartof></parts><date>24-Apr-2018 22:16:03</date><id>7</id><type>bounding_box</type><polygon><username>riosquintanakarin</username><pt><x>1370</x><y>1443</y></pt><pt><x>1089</x><y>1443</y></pt><pt><x>1089</x><y>1375</y></pt><pt><x>1370</x><y>1375</y></pt></polygon></object><object><name>numbers</name><deleted>0</deleted><verified>0</verified><occluded>no</occluded><attributes></attributes><parts><hasparts></hasparts><ispartof></ispartof></parts><date>24-Apr-2018 22:16:17</date><id>8</id><type>bounding_box</type><polygon><username>riosquintanakarin</username><pt><x>1098</x><y>1330</y></pt><pt><x>1314</x><y>1330</y></pt><pt><x>1314</x><y>1373</y></pt><pt><x>1098</x><y>1373</y></pt></polygon></object><object><name>numbers</name><deleted>0</deleted><verified>0</verified><occluded>no</occluded><attributes></attributes><parts><hasparts></hasparts><ispartof></ispartof></parts><date>24-Apr-2018 22:16:25</date><id>9</id><type>bounding_box</type><polygon><username>riosquintanakarin</username><pt><x>1422</x><y>1320</y></pt><pt><x>1088</x><y>1320</y></pt><pt><x>1088</x><y>1269</y></pt><pt><x>1422</x><y>1269</y></pt></polygon></object><object><name>numbers</name><deleted>0</deleted><verified>0</verified><occluded>no</occluded><attributes></attributes><parts><hasparts></hasparts><ispartof></ispartof></parts><date>24-Apr-2018 22:16:35</date><id>10</id><type>bounding_box</type><polygon><username>riosquintanakarin</username><pt><x>1101</x><y>1209</y></pt><pt><x>1402</x><y>1209</y></pt><pt><x>1402</x><y>1267</y></pt><pt><x>1101</x><y>1267</y></pt></polygon></object><object><name>numbers</name><deleted>0</deleted><verified>0</verified><occluded>no</occluded><attributes></attributes><parts><hasparts></hasparts><ispartof></ispartof></parts><date>24-Apr-2018 22:16:53</date><id>11</id><type>bounding_box</type><polygon><username>riosquintanakarin</username><pt><x>1098</x><y>1154</y></pt><pt><x>1407</x><y>1154</y></pt><pt><x>1407</x><y>1206</y></pt><pt><x>1098</x><y>1206</y></pt></polygon></object><object><name>numbers</name><deleted>0</deleted><verified>0</verified><occluded>no</occluded><attributes></attributes><parts><hasparts></hasparts><ispartof></ispartof></parts><date>24-Apr-2018 22:17:14</date><id>12</id><type>bounding_box</type><polygon><username>riosquintanakarin</username><pt><x>1485</x><y>483</y></pt><pt><x>1106</x><y>483</y></pt><pt><x>1106</x><y>427</y></pt><pt><x>1485</x><y>427</y></pt></polygon></object><object><name>numbers</name><deleted>0</deleted><verified>0</verified><occluded>no</occluded><attributes></attributes><parts><hasparts></hasparts><ispartof></ispartof></parts><date>24-Apr-2018 22:17:22</date><id>13</id><type>bounding_box</type><polygon><username>riosquintanakarin</username><pt><x>1096</x><y>497</y></pt><pt><x>1526</x><y>497</y></pt><pt><x>1526</x><y>550</y></pt><pt><x>1096</x><y>550</y></pt></polygon></object><object><name>numbers</name><deleted>0</deleted><verified>0</verified><occluded>no</occluded><attributes></attributes><parts><hasparts></hasparts><ispartof></ispartof></parts><date>24-Apr-2018 22:17:42</date><id>14</id><type>bounding_box</type><polygon><username>riosquintanakarin</username><pt><x>1412</x><y>598</y></pt><pt><x>1113</x><y>598</y></pt><pt><x>1113</x><y>551</y></pt><pt><x>1412</x><y>551</y></pt></polygon></object><object><name>numbers</name><deleted>0</deleted><verified>0</verified><occluded>no</occluded><attributes></attributes><parts><hasparts></hasparts><ispartof></ispartof></parts><date>24-Apr-2018 22:17:47</date><id>15</id><type>bounding_box</type><polygon><username>riosquintanakarin</username><pt><x>1103</x><y>604</y></pt><pt><x>1418</x><y>604</y></pt><pt><x>1418</x><y>661</y></pt><pt><x>1103</x><y>661</y></pt></polygon></object><object><name>numbers</name><deleted>0</deleted><verified>0</verified><occluded>no</occluded><attributes></attributes><parts><hasparts></hasparts><ispartof></ispartof></parts><date>24-Apr-2018 22:17:56</date><id>16</id><type>bounding_box</type><polygon><username>riosquintanakarin</username><pt><x>1108</x><y>673</y></pt><pt><x>1461</x><y>673</y></pt><pt><x>1461</x><y>726</y></pt><pt><x>1108</x><y>726</y></pt></polygon></object><object><name>numbers</name><deleted>0</deleted><verified>0</verified><occluded>no</occluded><attributes></attributes><parts><hasparts></hasparts><ispartof></ispartof></parts><date>24-Apr-2018 22:18:04</date><id>17</id><type>bounding_box</type><polygon><username>riosquintanakarin</username><pt><x>1099</x><y>742</y></pt><pt><x>1438</x><y>742</y></pt><pt><x>1438</x><y>802</y></pt><pt><x>1099</x><y>802</y></pt></polygon></object><object><name>numbers</name><deleted>0</deleted><verified>0</verified><occluded>no</occluded><attributes></attributes><parts><hasparts></hasparts><ispartof></ispartof></parts><date>24-Apr-2018 22:18:10</date><id>18</id><type>bounding_box</type><polygon><username>riosquintanakarin</username><pt><x>1407</x><y>865</y></pt><pt><x>1091</x><y>865</y></pt><pt><x>1091</x><y>810</y></pt><pt><x>1407</x><y>810</y></pt></polygon></object><object><name>numbers</name><deleted>0</deleted><verified>0</verified><occluded>no</occluded><attributes></attributes><parts><hasparts></hasparts><ispartof></ispartof></parts><date>24-Apr-2018 22:18:16</date><id>19</id><type>bounding_box</type><polygon><username>riosquintanakarin</username><pt><x>1388</x><y>930</y></pt><pt><x>1101</x><y>930</y></pt><pt><x>1101</x><y>880</y></pt><pt><x>1388</x><y>880</y></pt></polygon></object><object><name>numbers</name><deleted>0</deleted><verified>0</verified><occluded>no</occluded><attributes></attributes><parts><hasparts></hasparts><ispartof></ispartof></parts><date>24-Apr-2018 22:21:09</date><id>20</id><type>bounding_box</type><polygon><username>riosquintanakarin</username><pt><x>1093</x><y>940</y></pt><pt><x>1392</x><y>940</y></pt><pt><x>1392</x><y>988</y></pt><pt><x>1093</x><y>988</y></pt></polygon></object><object><name>numbers</name><deleted>0</deleted><verified>0</verified><occluded>no</occluded><attributes></attributes><parts><hasparts></hasparts><ispartof></ispartof></parts><date>24-Apr-2018 22:21:16</date><id>21</id><type>bounding_box</type><polygon><username>riosquintanakarin</username><pt><x>1108</x><y>995</y></pt><pt><x>1395</x><y>995</y></pt><pt><x>1395</x><y>1051</y></pt><pt><x>1108</x><y>1051</y></pt></polygon></object><object><name>numbers</name><deleted>0</deleted><verified>0</verified><occluded>no</occluded><attributes></attributes><parts><hasparts></hasparts><ispartof></ispartof></parts><date>24-Apr-2018 22:21:22</date><id>22</id><type>bounding_box</type><polygon><username>riosquintanakarin</username><pt><x>1101</x><y>1059</y></pt><pt><x>1370</x><y>1059</y></pt><pt><x>1370</x><y>1103</y></pt><pt><x>1101</x><y>1103</y></pt></polygon></object><object><name>numbers</name><deleted>0</deleted><verified>0</verified><occluded>no</occluded><attributes></attributes><parts><hasparts></hasparts><ispartof></ispartof></parts><date>24-Apr-2018 22:21:32</date><id>23</id><type>bounding_box</type><polygon><username>riosquintanakarin</username><pt><x>1403</x><y>1149</y></pt><pt><x>1098</x><y>1149</y></pt><pt><x>1098</x><y>1101</y></pt><pt><x>1403</x><y>1101</y></pt></polygon></object></annotation>