<annotation><filename>imagen_08.jpg</filename><folder>users/riosquintanakarin//_bdd</folder><source><submittedBy>kari</submittedBy></source><imagesize><nrows>3400</nrows><ncols>2338</ncols></imagesize><object><name>numbers</name><deleted>0</deleted><verified>0</verified><occluded>no</occluded><attributes></attributes><parts><hasparts></hasparts><ispartof></ispartof></parts><date>24-Apr-2018 22:23:45</date><id>0</id><type>bounding_box</type><polygon><username>riosquintanakarin</username><pt><x>935</x><y>1239</y></pt><pt><x>1189</x><y>1239</y></pt><pt><x>1189</x><y>1298</y></pt><pt><x>935</x><y>1298</y></pt></polygon></object><object><name>numbers</name><deleted>0</deleted><verified>0</verified><occluded>no</occluded><attributes></attributes><parts><hasparts></hasparts><ispartof></ispartof></parts><date>24-Apr-2018 22:23:55</date><id>1</id><type>bounding_box</type><polygon><username>riosquintanakarin</username><pt><x>934</x><y>1193</y></pt><pt><x>1133</x><y>1193</y></pt><pt><x>1133</x><y>1239</y></pt><pt><x>934</x><y>1239</y></pt></polygon></object><object><name>numbers</name><deleted>0</deleted><verified>0</verified><occluded>no</occluded><attributes></attributes><parts><hasparts></hasparts><ispartof></ispartof></parts><date>24-Apr-2018 22:24:06</date><id>2</id><type>bounding_box</type><polygon><username>riosquintanakarin</username><pt><x>990</x><y>98</y></pt><pt><x>1279</x><y>98</y></pt><pt><x>1279</x><y>144</y></pt><pt><x>990</x><y>144</y></pt></polygon></object><object><name>numbers</name><deleted>0</deleted><verified>0</verified><occluded>no</occluded><attributes></attributes><parts><hasparts></hasparts><ispartof></ispartof></parts><date>24-Apr-2018 22:24:19</date><id>3</id><type>bounding_box</type><polygon><username>riosquintanakarin</username><pt><x>1267</x><y>150</y></pt><pt><x>992</x><y>150</y></pt><pt><x>992</x><y>198</y></pt><pt><x>1267</x><y>198</y></pt></polygon></object><object><name>numbers</name><deleted>0</deleted><verified>0</verified><occluded>no</occluded><attributes></attributes><parts><hasparts></hasparts><ispartof></ispartof></parts><date>24-Apr-2018 22:24:32</date><id>4</id><type>bounding_box</type><polygon><username>riosquintanakarin</username><pt><x>979</x><y>222</y></pt><pt><x>1241</x><y>222</y></pt><pt><x>1241</x><y>273</y></pt><pt><x>979</x><y>273</y></pt></polygon></object><object><name>numbers</name><deleted>0</deleted><verified>0</verified><occluded>no</occluded><attributes></attributes><parts><hasparts></hasparts><ispartof></ispartof></parts><date>24-Apr-2018 22:24:38</date><id>5</id><type>bounding_box</type><polygon><username>riosquintanakarin</username><pt><x>1254</x><y>334</y></pt><pt><x>967</x><y>334</y></pt><pt><x>967</x><y>272</y></pt><pt><x>1254</x><y>272</y></pt></polygon></object><object><name>numbers</name><deleted>0</deleted><verified>0</verified><occluded>no</occluded><attributes></attributes><parts><hasparts></hasparts><ispartof></ispartof></parts><date>24-Apr-2018 22:24:43</date><id>6</id><type>bounding_box</type><polygon><username>riosquintanakarin</username><pt><x>987</x><y>353</y></pt><pt><x>1283</x><y>353</y></pt><pt><x>1283</x><y>404</y></pt><pt><x>987</x><y>404</y></pt></polygon></object><object><name>numbers</name><deleted>0</deleted><verified>0</verified><occluded>no</occluded><attributes></attributes><parts><hasparts></hasparts><ispartof></ispartof></parts><date>24-Apr-2018 22:24:58</date><id>7</id><type>bounding_box</type><polygon><username>riosquintanakarin</username><pt><x>1283</x><y>459</y></pt><pt><x>992</x><y>459</y></pt><pt><x>992</x><y>409</y></pt><pt><x>1283</x><y>409</y></pt></polygon></object><object><name>numbers</name><deleted>0</deleted><verified>0</verified><occluded>no</occluded><attributes></attributes><parts><hasparts></hasparts><ispartof></ispartof></parts><date>24-Apr-2018 22:25:04</date><id>8</id><type>bounding_box</type><polygon><username>riosquintanakarin</username><pt><x>1266</x><y>508</y></pt><pt><x>988</x><y>508</y></pt><pt><x>988</x><y>458</y></pt><pt><x>1266</x><y>458</y></pt></polygon></object><object><name>numbers</name><deleted>0</deleted><verified>0</verified><occluded>no</occluded><attributes></attributes><parts><hasparts></hasparts><ispartof></ispartof></parts><date>24-Apr-2018 22:25:09</date><id>9</id><type>bounding_box</type><polygon><username>riosquintanakarin</username><pt><x>1241</x><y>547</y></pt><pt><x>986</x><y>547</y></pt><pt><x>986</x><y>507</y></pt><pt><x>1241</x><y>507</y></pt></polygon></object><object><name>numbers</name><deleted>0</deleted><verified>0</verified><occluded>no</occluded><attributes></attributes><parts><hasparts></hasparts><ispartof></ispartof></parts><date>24-Apr-2018 22:25:17</date><id>10</id><type>bounding_box</type><polygon><username>riosquintanakarin</username><pt><x>1239</x><y>588</y></pt><pt><x>982</x><y>588</y></pt><pt><x>982</x><y>551</y></pt><pt><x>1239</x><y>551</y></pt></polygon></object><object><name>numbers</name><deleted>0</deleted><verified>0</verified><occluded>no</occluded><attributes></attributes><parts><hasparts></hasparts><ispartof></ispartof></parts><date>24-Apr-2018 22:25:22</date><id>11</id><type>bounding_box</type><polygon><username>riosquintanakarin</username><pt><x>1242</x><y>647</y></pt><pt><x>973</x><y>647</y></pt><pt><x>973</x><y>590</y></pt><pt><x>1242</x><y>590</y></pt></polygon></object><object><name>numbers</name><deleted>0</deleted><verified>0</verified><occluded>no</occluded><attributes></attributes><parts><hasparts></hasparts><ispartof></ispartof></parts><date>24-Apr-2018 22:25:28</date><id>12</id><type>bounding_box</type><polygon><username>riosquintanakarin</username><pt><x>1263</x><y>701</y></pt><pt><x>969</x><y>701</y></pt><pt><x>969</x><y>646</y></pt><pt><x>1263</x><y>646</y></pt></polygon></object><object><name>numbers</name><deleted>0</deleted><verified>0</verified><occluded>no</occluded><attributes></attributes><parts><hasparts></hasparts><ispartof></ispartof></parts><date>24-Apr-2018 22:25:35</date><id>13</id><type>bounding_box</type><polygon><username>riosquintanakarin</username><pt><x>959</x><y>727</y></pt><pt><x>1248</x><y>727</y></pt><pt><x>1248</x><y>789</y></pt><pt><x>959</x><y>789</y></pt></polygon></object><object><name>numbers</name><deleted>0</deleted><verified>0</verified><occluded>no</occluded><attributes></attributes><parts><hasparts></hasparts><ispartof></ispartof></parts><date>24-Apr-2018 22:25:44</date><id>14</id><type>bounding_box</type><polygon><username>riosquintanakarin</username><pt><x>1214</x><y>891</y></pt><pt><x>956</x><y>891</y></pt><pt><x>956</x><y>844</y></pt><pt><x>1214</x><y>844</y></pt></polygon></object><object><name>numbers</name><deleted>0</deleted><verified>0</verified><occluded>no</occluded><attributes></attributes><parts><hasparts></hasparts><ispartof></ispartof></parts><date>24-Apr-2018 22:25:49</date><id>15</id><type>bounding_box</type><polygon><username>riosquintanakarin</username><pt><x>956</x><y>800</y></pt><pt><x>1228</x><y>800</y></pt><pt><x>1228</x><y>844</y></pt><pt><x>956</x><y>844</y></pt></polygon></object><object><name>numbers</name><deleted>0</deleted><verified>0</verified><occluded>no</occluded><attributes></attributes><parts><hasparts></hasparts><ispartof></ispartof></parts><date>24-Apr-2018 22:25:57</date><id>16</id><type>bounding_box</type><polygon><username>riosquintanakarin</username><pt><x>1213</x><y>1193</y></pt><pt><x>944</x><y>1193</y></pt><pt><x>944</x><y>1148</y></pt><pt><x>1213</x><y>1148</y></pt></polygon></object><object><name>numbers</name><deleted>0</deleted><verified>0</verified><occluded>no</occluded><attributes></attributes><parts><hasparts></hasparts><ispartof></ispartof></parts><date>24-Apr-2018 22:26:02</date><id>17</id><type>bounding_box</type><polygon><username>riosquintanakarin</username><pt><x>935</x><y>1099</y></pt><pt><x>1198</x><y>1099</y></pt><pt><x>1198</x><y>1148</y></pt><pt><x>935</x><y>1148</y></pt></polygon></object><object><name>numbers</name><deleted>0</deleted><verified>0</verified><occluded>no</occluded><attributes></attributes><parts><hasparts></hasparts><ispartof></ispartof></parts><date>24-Apr-2018 22:26:08</date><id>18</id><type>bounding_box</type><polygon><username>riosquintanakarin</username><pt><x>954</x><y>950</y></pt><pt><x>1240</x><y>950</y></pt><pt><x>1240</x><y>994</y></pt><pt><x>954</x><y>994</y></pt></polygon></object><object><name>numbers</name><deleted>0</deleted><verified>0</verified><occluded>no</occluded><attributes></attributes><parts><hasparts></hasparts><ispartof></ispartof></parts><date>24-Apr-2018 22:26:12</date><id>19</id><type>bounding_box</type><polygon><username>riosquintanakarin</username><pt><x>1241</x><y>1048</y></pt><pt><x>948</x><y>1048</y></pt><pt><x>948</x><y>994</y></pt><pt><x>1241</x><y>994</y></pt></polygon></object><object><name>numbers</name><deleted>0</deleted><verified>0</verified><occluded>no</occluded><attributes></attributes><parts><hasparts></hasparts><ispartof></ispartof></parts><date>24-Apr-2018 22:26:28</date><id>20</id><type>bounding_box</type><polygon><username>riosquintanakarin</username><pt><x>1219</x><y>1102</y></pt><pt><x>941</x><y>1102</y></pt><pt><x>941</x><y>1046</y></pt><pt><x>1219</x><y>1046</y></pt></polygon></object></annotation>