<annotation><filename>imagen_12.jpg</filename><folder>users/Fenix//bd_listas2</folder><source><submittedBy>Adiel</submittedBy></source><imagesize><nrows>3400</nrows><ncols>2338</ncols></imagesize><object><name>1</name><deleted>0</deleted><verified>0</verified><occluded>no</occluded><attributes></attributes><parts><hasparts></hasparts><ispartof></ispartof></parts><date>25-Apr-2018 14:59:46</date><id>0</id><type>bounding_box</type><polygon><username>anonymous</username><pt><x>750</x><y>117</y></pt><pt><x>1010</x><y>117</y></pt><pt><x>1010</x><y>163</y></pt><pt><x>750</x><y>163</y></pt></polygon></object><object><name>2</name><deleted>0</deleted><verified>0</verified><occluded>no</occluded><attributes></attributes><parts><hasparts></hasparts><ispartof></ispartof></parts><date>25-Apr-2018 14:59:59</date><id>1</id><type>bounding_box</type><polygon><username>anonymous</username><pt><x>1046</x><y>203</y></pt><pt><x>750</x><y>203</y></pt><pt><x>750</x><y>259</y></pt><pt><x>1046</x><y>259</y></pt></polygon></object><object><name>3</name><deleted>0</deleted><verified>0</verified><occluded>no</occluded><attributes></attributes><parts><hasparts></hasparts><ispartof></ispartof></parts><date>25-Apr-2018 15:01:14</date><id>2</id><type>bounding_box</type><polygon><username>anonymous</username><pt><x>1020</x><y>297</y></pt><pt><x>739</x><y>297</y></pt><pt><x>739</x><y>346</y></pt><pt><x>1020</x><y>346</y></pt></polygon></object><object><name>4</name><deleted>1</deleted><verified>0</verified><occluded>no</occluded><attributes></attributes><parts><hasparts></hasparts><ispartof></ispartof></parts><date>25-Apr-2018 15:01:31</date><id>3</id><type>bounding_box</type><polygon><username>anonymous</username><pt><x>735</x><y>371</y></pt><pt><x>1012</x><y>371</y></pt><pt><x>1012</x><y>413</y></pt><pt><x>735</x><y>413</y></pt></polygon></object><object><name>4</name><deleted>0</deleted><verified>0</verified><occluded>no</occluded><attributes></attributes><parts><hasparts></hasparts><ispartof></ispartof></parts><date>25-Apr-2018 15:01:49</date><id>4</id><type>bounding_box</type><polygon><username>anonymous</username><pt><x>1013</x><y>416</y></pt><pt><x>733</x><y>416</y></pt><pt><x>733</x><y>369</y></pt><pt><x>1013</x><y>369</y></pt></polygon></object><object><name>5</name><deleted>0</deleted><verified>0</verified><occluded>no</occluded><attributes></attributes><parts><hasparts></hasparts><ispartof></ispartof></parts><date>25-Apr-2018 15:02:01</date><id>5</id><type>bounding_box</type><polygon><username>anonymous</username><pt><x>728</x><y>420</y></pt><pt><x>981</x><y>420</y></pt><pt><x>981</x><y>456</y></pt><pt><x>728</x><y>456</y></pt></polygon></object><object><name>6</name><deleted>0</deleted><verified>0</verified><occluded>no</occluded><attributes></attributes><parts><hasparts></hasparts><ispartof></ispartof></parts><date>25-Apr-2018 15:02:15</date><id>6</id><type>bounding_box</type><polygon><username>anonymous</username><pt><x>732</x><y>460</y></pt><pt><x>978</x><y>460</y></pt><pt><x>978</x><y>500</y></pt><pt><x>732</x><y>500</y></pt></polygon></object><object><name>7</name><deleted>0</deleted><verified>0</verified><occluded>no</occluded><attributes></attributes><parts><hasparts></hasparts><ispartof></ispartof></parts><date>25-Apr-2018 15:02:30</date><id>7</id><type>bounding_box</type><polygon><username>anonymous</username><pt><x>976</x><y>514</y></pt><pt><x>731</x><y>514</y></pt><pt><x>731</x><y>566</y></pt><pt><x>976</x><y>566</y></pt></polygon></object><object><name>8</name><deleted>0</deleted><verified>0</verified><occluded>no</occluded><attributes></attributes><parts><hasparts></hasparts><ispartof></ispartof></parts><date>25-Apr-2018 15:02:39</date><id>8</id><type>bounding_box</type><polygon><username>anonymous</username><pt><x>983</x><y>572</y></pt><pt><x>730</x><y>572</y></pt><pt><x>730</x><y>626</y></pt><pt><x>983</x><y>626</y></pt></polygon></object><object><name>9</name><deleted>0</deleted><verified>0</verified><occluded>no</occluded><attributes></attributes><parts><hasparts></hasparts><ispartof></ispartof></parts><date>25-Apr-2018 15:02:48</date><id>9</id><type>bounding_box</type><polygon><username>anonymous</username><pt><x>993</x><y>663</y></pt><pt><x>727</x><y>663</y></pt><pt><x>727</x><y>706</y></pt><pt><x>993</x><y>706</y></pt></polygon></object><object><name>10</name><deleted>0</deleted><verified>0</verified><occluded>no</occluded><attributes></attributes><parts><hasparts></hasparts><ispartof></ispartof></parts><date>25-Apr-2018 15:02:59</date><id>10</id><type>bounding_box</type><polygon><username>anonymous</username><pt><x>987</x><y>720</y></pt><pt><x>718</x><y>720</y></pt><pt><x>718</x><y>775</y></pt><pt><x>987</x><y>775</y></pt></polygon></object><object><name>11</name><deleted>0</deleted><verified>0</verified><occluded>no</occluded><attributes></attributes><parts><hasparts></hasparts><ispartof></ispartof></parts><date>25-Apr-2018 15:03:13</date><id>11</id><type>bounding_box</type><polygon><username>anonymous</username><pt><x>717</x><y>782</y></pt><pt><x>972</x><y>782</y></pt><pt><x>972</x><y>822</y></pt><pt><x>717</x><y>822</y></pt></polygon></object><object><name>12</name><deleted>0</deleted><verified>0</verified><occluded>no</occluded><attributes></attributes><parts><hasparts></hasparts><ispartof></ispartof></parts><date>25-Apr-2018 15:03:38</date><id>12</id><type>bounding_box</type><polygon><username>anonymous</username><pt><x>717</x><y>830</y></pt><pt><x>950</x><y>830</y></pt><pt><x>950</x><y>863</y></pt><pt><x>717</x><y>863</y></pt></polygon></object><object><name>13</name><deleted>0</deleted><verified>0</verified><occluded>no</occluded><attributes></attributes><parts><hasparts></hasparts><ispartof></ispartof></parts><date>25-Apr-2018 15:03:49</date><id>13</id><type>bounding_box</type><polygon><username>anonymous</username><pt><x>712</x><y>901</y></pt><pt><x>952</x><y>901</y></pt><pt><x>952</x><y>944</y></pt><pt><x>712</x><y>944</y></pt></polygon></object><object><name>14</name><deleted>0</deleted><verified>0</verified><occluded>no</occluded><attributes></attributes><parts><hasparts></hasparts><ispartof></ispartof></parts><date>25-Apr-2018 15:03:58</date><id>14</id><type>bounding_box</type><polygon><username>anonymous</username><pt><x>701</x><y>955</y></pt><pt><x>965</x><y>955</y></pt><pt><x>965</x><y>1013</y></pt><pt><x>701</x><y>1013</y></pt></polygon></object><object><name>15</name><deleted>0</deleted><verified>0</verified><occluded>no</occluded><attributes></attributes><parts><hasparts></hasparts><ispartof></ispartof></parts><date>25-Apr-2018 15:04:08</date><id>15</id><type>bounding_box</type><polygon><username>anonymous</username><pt><x>696</x><y>1018</y></pt><pt><x>940</x><y>1018</y></pt><pt><x>940</x><y>1067</y></pt><pt><x>696</x><y>1067</y></pt></polygon></object><object><name>16</name><deleted>0</deleted><verified>0</verified><occluded>no</occluded><attributes></attributes><parts><hasparts></hasparts><ispartof></ispartof></parts><date>25-Apr-2018 15:04:17</date><id>16</id><type>bounding_box</type><polygon><username>anonymous</username><pt><x>681</x><y>1076</y></pt><pt><x>955</x><y>1076</y></pt><pt><x>955</x><y>1131</y></pt><pt><x>681</x><y>1131</y></pt></polygon></object><object><name>17</name><deleted>0</deleted><verified>0</verified><occluded>no</occluded><attributes></attributes><parts><hasparts></hasparts><ispartof></ispartof></parts><date>25-Apr-2018 15:04:28</date><id>17</id><type>bounding_box</type><polygon><username>anonymous</username><pt><x>681</x><y>1134</y></pt><pt><x>956</x><y>1134</y></pt><pt><x>956</x><y>1175</y></pt><pt><x>681</x><y>1175</y></pt></polygon></object><object><name>18</name><deleted>0</deleted><verified>0</verified><occluded>no</occluded><attributes></attributes><parts><hasparts></hasparts><ispartof></ispartof></parts><date>25-Apr-2018 15:04:41</date><id>18</id><type>bounding_box</type><polygon><username>anonymous</username><pt><x>680</x><y>1183</y></pt><pt><x>952</x><y>1183</y></pt><pt><x>952</x><y>1227</y></pt><pt><x>680</x><y>1227</y></pt></polygon></object><object><name>19</name><deleted>0</deleted><verified>0</verified><occluded>no</occluded><attributes></attributes><parts><hasparts></hasparts><ispartof></ispartof></parts><date>25-Apr-2018 15:04:52</date><id>19</id><type>bounding_box</type><polygon><username>anonymous</username><pt><x>681</x><y>1236</y></pt><pt><x>925</x><y>1236</y></pt><pt><x>925</x><y>1278</y></pt><pt><x>681</x><y>1278</y></pt></polygon></object><object><name>20</name><deleted>0</deleted><verified>0</verified><occluded>no</occluded><attributes></attributes><parts><hasparts></hasparts><ispartof></ispartof></parts><date>25-Apr-2018 15:05:00</date><id>20</id><type>bounding_box</type><polygon><username>anonymous</username><pt><x>718</x><y>1300</y></pt><pt><x>937</x><y>1300</y></pt><pt><x>937</x><y>1336</y></pt><pt><x>718</x><y>1336</y></pt></polygon></object><object><name>21</name><deleted>0</deleted><verified>0</verified><occluded>no</occluded><attributes></attributes><parts><hasparts></hasparts><ispartof></ispartof></parts><date>25-Apr-2018 15:05:10</date><id>21</id><type>bounding_box</type><polygon><username>anonymous</username><pt><x>705</x><y>1344</y></pt><pt><x>960</x><y>1344</y></pt><pt><x>960</x><y>1400</y></pt><pt><x>705</x><y>1400</y></pt></polygon></object><object><name>22</name><deleted>0</deleted><verified>0</verified><occluded>no</occluded><attributes></attributes><parts><hasparts></hasparts><ispartof></ispartof></parts><date>25-Apr-2018 15:05:26</date><id>22</id><type>bounding_box</type><polygon><username>anonymous</username><pt><x>1003</x><y>1400</y></pt><pt><x>705</x><y>1400</y></pt><pt><x>705</x><y>1464</y></pt><pt><x>1003</x><y>1464</y></pt></polygon></object></annotation>