<annotation><filename>imagen_02.jpg</filename><folder>users/jfuentes2014//img</folder><source><submittedBy>juan</submittedBy></source><imagesize><nrows>3400</nrows><ncols>2338</ncols></imagesize><object><name>numbers</name><deleted>0</deleted><verified>0</verified><occluded>no</occluded><attributes></attributes><parts><hasparts>1,10,11,12,13,14,15,16,17,18,19,2,20,21,22,3,4,5,6,7,8,9</hasparts><ispartof></ispartof></parts><date>24-Apr-2018 20:49:07</date><id>0</id><type>bounding_box</type><polygon><username>anonymous</username><pt><x>729</x><y>153</y></pt><pt><x>1113</x><y>153</y></pt><pt><x>1113</x><y>200</y></pt><pt><x>729</x><y>200</y></pt></polygon></object><object><name>numbers</name><deleted>0</deleted><verified>0</verified><occluded>no</occluded><attributes></attributes><parts><hasparts></hasparts><ispartof>0</ispartof></parts><date>24-Apr-2018 20:50:01</date><id>1</id><type>bounding_box</type><polygon><username>anonymous</username><pt><x>728</x><y>207</y></pt><pt><x>1017</x><y>207</y></pt><pt><x>1017</x><y>251</y></pt><pt><x>728</x><y>251</y></pt></polygon></object><object><name>numbers</name><deleted>0</deleted><verified>0</verified><occluded>no</occluded><attributes></attributes><parts><hasparts></hasparts><ispartof>0</ispartof></parts><date>24-Apr-2018 20:50:42</date><id>2</id><type>bounding_box</type><polygon><username>anonymous</username><pt><x>726</x><y>256</y></pt><pt><x>993</x><y>256</y></pt><pt><x>993</x><y>292</y></pt><pt><x>726</x><y>292</y></pt></polygon></object><object><name>numbers</name><deleted>0</deleted><verified>0</verified><occluded>no</occluded><attributes></attributes><parts><hasparts></hasparts><ispartof>0</ispartof></parts><date>24-Apr-2018 20:53:18</date><id>3</id><type>bounding_box</type><polygon><username>anonymous</username><pt><x>724</x><y>307</y></pt><pt><x>984</x><y>307</y></pt><pt><x>984</x><y>346</y></pt><pt><x>724</x><y>346</y></pt></polygon></object><object><name>numbers</name><deleted>0</deleted><verified>0</verified><occluded>no</occluded><attributes></attributes><parts><hasparts></hasparts><ispartof>0</ispartof></parts><date>24-Apr-2018 20:53:46</date><id>4</id><type>bounding_box</type><polygon><username>anonymous</username><pt><x>727</x><y>359</y></pt><pt><x>987</x><y>359</y></pt><pt><x>987</x><y>396</y></pt><pt><x>727</x><y>396</y></pt></polygon></object><object><name>numbers</name><deleted>0</deleted><verified>0</verified><occluded>no</occluded><attributes></attributes><parts><hasparts></hasparts><ispartof>0</ispartof></parts><date>24-Apr-2018 20:54:04</date><id>5</id><type>bounding_box</type><polygon><username>anonymous</username><pt><x>728</x><y>412</y></pt><pt><x>980</x><y>412</y></pt><pt><x>980</x><y>451</y></pt><pt><x>728</x><y>451</y></pt></polygon></object><object><name>numbers</name><deleted>0</deleted><verified>0</verified><occluded>no</occluded><attributes></attributes><parts><hasparts></hasparts><ispartof>0</ispartof></parts><date>24-Apr-2018 20:54:22</date><id>6</id><type>bounding_box</type><polygon><username>anonymous</username><pt><x>723</x><y>458</y></pt><pt><x>982</x><y>458</y></pt><pt><x>982</x><y>503</y></pt><pt><x>723</x><y>503</y></pt></polygon></object><object><name>numbers</name><deleted>0</deleted><verified>0</verified><occluded>no</occluded><attributes></attributes><parts><hasparts></hasparts><ispartof>0</ispartof></parts><date>24-Apr-2018 20:55:13</date><id>7</id><type>bounding_box</type><polygon><username>anonymous</username><pt><x>730</x><y>547</y></pt><pt><x>971</x><y>547</y></pt><pt><x>971</x><y>515</y></pt><pt><x>730</x><y>515</y></pt></polygon></object><object><name>numbers</name><deleted>0</deleted><verified>0</verified><occluded>no</occluded><attributes></attributes><parts><hasparts></hasparts><ispartof>0</ispartof></parts><date>24-Apr-2018 20:56:07</date><id>8</id><type>bounding_box</type><polygon><username>anonymous</username><pt><x>721</x><y>605</y></pt><pt><x>998</x><y>605</y></pt><pt><x>998</x><y>549</y></pt><pt><x>721</x><y>549</y></pt></polygon></object><object><name>numbers</name><deleted>0</deleted><verified>0</verified><occluded>no</occluded><attributes></attributes><parts><hasparts></hasparts><ispartof>0</ispartof></parts><date>24-Apr-2018 20:57:04</date><id>9</id><type>bounding_box</type><polygon><username>anonymous</username><pt><x>704</x><y>636</y></pt><pt><x>987</x><y>636</y></pt><pt><x>987</x><y>683</y></pt><pt><x>704</x><y>683</y></pt></polygon></object><object><name>numbers</name><deleted>0</deleted><verified>0</verified><occluded>no</occluded><attributes></attributes><parts><hasparts></hasparts><ispartof>0</ispartof></parts><date>24-Apr-2018 20:57:28</date><id>10</id><type>bounding_box</type><polygon><username>anonymous</username><pt><x>702</x><y>694</y></pt><pt><x>998</x><y>694</y></pt><pt><x>998</x><y>744</y></pt><pt><x>702</x><y>744</y></pt></polygon></object><object><name>numbers</name><deleted>0</deleted><verified>0</verified><occluded>no</occluded><attributes></attributes><parts><hasparts></hasparts><ispartof>0</ispartof></parts><date>24-Apr-2018 20:57:42</date><id>11</id><type>bounding_box</type><polygon><username>anonymous</username><pt><x>691</x><y>752</y></pt><pt><x>938</x><y>752</y></pt><pt><x>938</x><y>801</y></pt><pt><x>691</x><y>801</y></pt></polygon></object><object><name>numbers</name><deleted>0</deleted><verified>0</verified><occluded>no</occluded><attributes></attributes><parts><hasparts></hasparts><ispartof>0</ispartof></parts><date>24-Apr-2018 21:08:23</date><id>12</id><type>bounding_box</type><polygon><username>anonymous</username><pt><x>683</x><y>815</y></pt><pt><x>985</x><y>815</y></pt><pt><x>985</x><y>863</y></pt><pt><x>683</x><y>863</y></pt></polygon></object><object><name>numbers</name><deleted>0</deleted><verified>0</verified><occluded>no</occluded><attributes></attributes><parts><hasparts></hasparts><ispartof>0</ispartof></parts><date>24-Apr-2018 21:08:36</date><id>13</id><type>bounding_box</type><polygon><username>anonymous</username><pt><x>683</x><y>870</y></pt><pt><x>982</x><y>870</y></pt><pt><x>982</x><y>916</y></pt><pt><x>683</x><y>916</y></pt></polygon></object><object><name>numbers</name><deleted>0</deleted><verified>0</verified><occluded>no</occluded><attributes></attributes><parts><hasparts></hasparts><ispartof>0</ispartof></parts><date>24-Apr-2018 21:08:49</date><id>14</id><type>bounding_box</type><polygon><username>anonymous</username><pt><x>691</x><y>925</y></pt><pt><x>959</x><y>925</y></pt><pt><x>959</x><y>971</y></pt><pt><x>691</x><y>971</y></pt></polygon></object><object><name>numbers</name><deleted>0</deleted><verified>0</verified><occluded>no</occluded><attributes></attributes><parts><hasparts></hasparts><ispartof>0</ispartof></parts><date>24-Apr-2018 21:09:13</date><id>15</id><type>bounding_box</type><polygon><username>anonymous</username><pt><x>681</x><y>983</y></pt><pt><x>922</x><y>983</y></pt><pt><x>922</x><y>1020</y></pt><pt><x>681</x><y>1020</y></pt></polygon></object><object><name>numbers</name><deleted>0</deleted><verified>0</verified><occluded>no</occluded><attributes></attributes><parts><hasparts></hasparts><ispartof>0</ispartof></parts><date>24-Apr-2018 21:09:52</date><id>16</id><type>bounding_box</type><polygon><username>anonymous</username><pt><x>678</x><y>1023</y></pt><pt><x>926</x><y>1023</y></pt><pt><x>926</x><y>1070</y></pt><pt><x>678</x><y>1070</y></pt></polygon></object><object><name>numbers</name><deleted>0</deleted><verified>0</verified><occluded>no</occluded><attributes></attributes><parts><hasparts></hasparts><ispartof>0</ispartof></parts><date>24-Apr-2018 21:10:14</date><id>17</id><type>bounding_box</type><polygon><username>anonymous</username><pt><x>713</x><y>1081</y></pt><pt><x>972</x><y>1081</y></pt><pt><x>972</x><y>1124</y></pt><pt><x>713</x><y>1124</y></pt></polygon></object><object><name>numbers</name><deleted>0</deleted><verified>0</verified><occluded>no</occluded><attributes></attributes><parts><hasparts></hasparts><ispartof>0</ispartof></parts><date>24-Apr-2018 21:11:01</date><id>18</id><type>bounding_box</type><polygon><username>anonymous</username><pt><x>729</x><y>1127</y></pt><pt><x>976</x><y>1127</y></pt><pt><x>976</x><y>1176</y></pt><pt><x>729</x><y>1176</y></pt></polygon></object><object><name>numbers</name><deleted>0</deleted><verified>0</verified><occluded>no</occluded><attributes></attributes><parts><hasparts></hasparts><ispartof>0</ispartof></parts><date>24-Apr-2018 21:11:18</date><id>19</id><type>bounding_box</type><polygon><username>anonymous</username><pt><x>707</x><y>1203</y></pt><pt><x>1010</x><y>1203</y></pt><pt><x>1010</x><y>1249</y></pt><pt><x>707</x><y>1249</y></pt></polygon></object><object><name>numbers</name><deleted>0</deleted><verified>0</verified><occluded>no</occluded><attributes></attributes><parts><hasparts></hasparts><ispartof>0</ispartof></parts><date>24-Apr-2018 21:11:30</date><id>20</id><type>bounding_box</type><polygon><username>anonymous</username><pt><x>700</x><y>1261</y></pt><pt><x>923</x><y>1261</y></pt><pt><x>923</x><y>1294</y></pt><pt><x>700</x><y>1294</y></pt></polygon></object><object><name>numbers</name><deleted>0</deleted><verified>0</verified><occluded>no</occluded><attributes></attributes><parts><hasparts></hasparts><ispartof>0</ispartof></parts><date>24-Apr-2018 21:11:49</date><id>21</id><type>bounding_box</type><polygon><username>anonymous</username><pt><x>699</x><y>1316</y></pt><pt><x>939</x><y>1316</y></pt><pt><x>939</x><y>1348</y></pt><pt><x>699</x><y>1348</y></pt></polygon></object><object><name>numbers</name><deleted>0</deleted><verified>0</verified><occluded>no</occluded><attributes></attributes><parts><hasparts></hasparts><ispartof>0</ispartof></parts><date>24-Apr-2018 21:12:08</date><id>22</id><type>bounding_box</type><polygon><username>anonymous</username><pt><x>699</x><y>1353</y></pt><pt><x>953</x><y>1353</y></pt><pt><x>953</x><y>1394</y></pt><pt><x>699</x><y>1394</y></pt></polygon></object></annotation>