<annotation><filename>imagen_10.jpg</filename><folder>users/Synner6942//as</folder><source><submittedBy>Rene</submittedBy></source><imagesize><nrows>3400</nrows><ncols>2338</ncols></imagesize><object><name>1</name><deleted>0</deleted><verified>0</verified><occluded>no</occluded><attributes></attributes><parts><hasparts></hasparts><ispartof></ispartof></parts><date>25-Apr-2018 00:47:34</date><id>0</id><type>bounding_box</type><polygon><username>anonymous</username><pt><x>773</x><y>192</y></pt><pt><x>1154</x><y>192</y></pt><pt><x>1154</x><y>122</y></pt><pt><x>773</x><y>122</y></pt></polygon></object><object><name>2</name><deleted>0</deleted><verified>0</verified><occluded>no</occluded><attributes></attributes><parts><hasparts></hasparts><ispartof></ispartof></parts><date>25-Apr-2018 00:47:41</date><id>1</id><type>bounding_box</type><polygon><username>anonymous</username><pt><x>1081</x><y>250</y></pt><pt><x>771</x><y>250</y></pt><pt><x>771</x><y>194</y></pt><pt><x>1081</x><y>194</y></pt></polygon></object><object><name>3</name><deleted>0</deleted><verified>0</verified><occluded>no</occluded><attributes></attributes><parts><hasparts></hasparts><ispartof></ispartof></parts><date>25-Apr-2018 00:47:49</date><id>2</id><type>bounding_box</type><polygon><username>anonymous</username><pt><x>1096</x><y>301</y></pt><pt><x>773</x><y>301</y></pt><pt><x>773</x><y>246</y></pt><pt><x>1096</x><y>246</y></pt></polygon></object><object><name>4</name><deleted>0</deleted><verified>0</verified><occluded>no</occluded><attributes></attributes><parts><hasparts></hasparts><ispartof></ispartof></parts><date>25-Apr-2018 00:47:57</date><id>3</id><type>bounding_box</type><polygon><username>anonymous</username><pt><x>1084</x><y>360</y></pt><pt><x>776</x><y>360</y></pt><pt><x>776</x><y>301</y></pt><pt><x>1084</x><y>301</y></pt></polygon></object><object><name>5</name><deleted>0</deleted><verified>0</verified><occluded>no</occluded><attributes></attributes><parts><hasparts></hasparts><ispartof></ispartof></parts><date>25-Apr-2018 00:48:10</date><id>4</id><type>bounding_box</type><polygon><username>anonymous</username><pt><x>764</x><y>423</y></pt><pt><x>1088</x><y>423</y></pt><pt><x>1088</x><y>360</y></pt><pt><x>764</x><y>360</y></pt></polygon></object><object><name>6</name><deleted>0</deleted><verified>0</verified><occluded>no</occluded><attributes></attributes><parts><hasparts></hasparts><ispartof></ispartof></parts><date>25-Apr-2018 00:48:20</date><id>5</id><type>bounding_box</type><polygon><username>anonymous</username><pt><x>763</x><y>426</y></pt><pt><x>1041</x><y>426</y></pt><pt><x>1041</x><y>483</y></pt><pt><x>763</x><y>483</y></pt></polygon></object><object><name>7</name><deleted>0</deleted><verified>0</verified><occluded>no</occluded><attributes></attributes><parts><hasparts></hasparts><ispartof></ispartof></parts><date>25-Apr-2018 00:48:29</date><id>6</id><type>bounding_box</type><polygon><username>anonymous</username><pt><x>1034</x><y>542</y></pt><pt><x>763</x><y>542</y></pt><pt><x>763</x><y>477</y></pt><pt><x>1034</x><y>477</y></pt></polygon></object><object><name>8</name><deleted>0</deleted><verified>0</verified><occluded>no</occluded><attributes></attributes><parts><hasparts></hasparts><ispartof></ispartof></parts><date>25-Apr-2018 00:48:46</date><id>7</id><type>bounding_box</type><polygon><username>anonymous</username><pt><x>748</x><y>587</y></pt><pt><x>1045</x><y>587</y></pt><pt><x>1045</x><y>541</y></pt><pt><x>748</x><y>541</y></pt></polygon></object><object><name>9</name><deleted>0</deleted><verified>0</verified><occluded>no</occluded><attributes></attributes><parts><hasparts></hasparts><ispartof></ispartof></parts><date>25-Apr-2018 00:48:57</date><id>8</id><type>bounding_box</type><polygon><username>anonymous</username><pt><x>1037</x><y>631</y></pt><pt><x>746</x><y>631</y></pt><pt><x>746</x><y>583</y></pt><pt><x>1037</x><y>583</y></pt></polygon></object><object><name>10</name><deleted>0</deleted><verified>0</verified><occluded>no</occluded><attributes></attributes><parts><hasparts></hasparts><ispartof></ispartof></parts><date>25-Apr-2018 00:49:13</date><id>9</id><type>bounding_box</type><polygon><username>anonymous</username><pt><x>723</x><y>692</y></pt><pt><x>1060</x><y>692</y></pt><pt><x>1060</x><y>632</y></pt><pt><x>723</x><y>632</y></pt></polygon></object><object><name>11</name><deleted>0</deleted><verified>0</verified><occluded>no</occluded><attributes></attributes><parts><hasparts></hasparts><ispartof></ispartof></parts><date>25-Apr-2018 00:49:23</date><id>10</id><type>bounding_box</type><polygon><username>anonymous</username><pt><x>712</x><y>763</y></pt><pt><x>1064</x><y>763</y></pt><pt><x>1064</x><y>699</y></pt><pt><x>712</x><y>699</y></pt></polygon></object><object><name>12</name><deleted>0</deleted><verified>0</verified><occluded>no</occluded><attributes></attributes><parts><hasparts></hasparts><ispartof></ispartof></parts><date>25-Apr-2018 00:49:32</date><id>11</id><type>bounding_box</type><polygon><username>anonymous</username><pt><x>711</x><y>825</y></pt><pt><x>1032</x><y>825</y></pt><pt><x>1032</x><y>761</y></pt><pt><x>711</x><y>761</y></pt></polygon></object><object><name>13</name><deleted>0</deleted><verified>0</verified><occluded>no</occluded><attributes></attributes><parts><hasparts></hasparts><ispartof></ispartof></parts><date>25-Apr-2018 00:49:39</date><id>12</id><type>bounding_box</type><polygon><username>anonymous</username><pt><x>710</x><y>896</y></pt><pt><x>1042</x><y>896</y></pt><pt><x>1042</x><y>834</y></pt><pt><x>710</x><y>834</y></pt></polygon></object><object><name>14</name><deleted>0</deleted><verified>0</verified><occluded>no</occluded><attributes></attributes><parts><hasparts></hasparts><ispartof></ispartof></parts><date>25-Apr-2018 00:49:46</date><id>13</id><type>bounding_box</type><polygon><username>anonymous</username><pt><x>710</x><y>960</y></pt><pt><x>1036</x><y>960</y></pt><pt><x>1036</x><y>893</y></pt><pt><x>710</x><y>893</y></pt></polygon></object><object><name>15</name><deleted>0</deleted><verified>0</verified><occluded>no</occluded><attributes></attributes><parts><hasparts></hasparts><ispartof></ispartof></parts><date>25-Apr-2018 00:49:53</date><id>14</id><type>bounding_box</type><polygon><username>anonymous</username><pt><x>721</x><y>1037</y></pt><pt><x>1037</x><y>1037</y></pt><pt><x>1037</x><y>968</y></pt><pt><x>721</x><y>968</y></pt></polygon></object><object><name>16</name><deleted>0</deleted><verified>0</verified><occluded>no</occluded><attributes></attributes><parts><hasparts></hasparts><ispartof></ispartof></parts><date>25-Apr-2018 00:50:00</date><id>15</id><type>bounding_box</type><polygon><username>anonymous</username><pt><x>710</x><y>1104</y></pt><pt><x>978</x><y>1104</y></pt><pt><x>978</x><y>1036</y></pt><pt><x>710</x><y>1036</y></pt></polygon></object><object><name>17</name><deleted>0</deleted><verified>0</verified><occluded>no</occluded><attributes></attributes><parts><hasparts></hasparts><ispartof></ispartof></parts><date>25-Apr-2018 00:50:06</date><id>16</id><type>bounding_box</type><polygon><username>anonymous</username><pt><x>735</x><y>1174</y></pt><pt><x>1005</x><y>1174</y></pt><pt><x>1005</x><y>1111</y></pt><pt><x>735</x><y>1111</y></pt></polygon></object><object><name>18</name><deleted>0</deleted><verified>0</verified><occluded>no</occluded><attributes></attributes><parts><hasparts></hasparts><ispartof></ispartof></parts><date>25-Apr-2018 00:50:16</date><id>17</id><type>bounding_box</type><polygon><username>anonymous</username><pt><x>738</x><y>1266</y></pt><pt><x>1021</x><y>1266</y></pt><pt><x>1021</x><y>1209</y></pt><pt><x>738</x><y>1209</y></pt></polygon></object><object><name>19</name><deleted>0</deleted><verified>0</verified><occluded>no</occluded><attributes></attributes><parts><hasparts></hasparts><ispartof></ispartof></parts><date>25-Apr-2018 00:50:28</date><id>18</id><type>bounding_box</type><polygon><username>anonymous</username><pt><x>1037</x><y>1333</y></pt><pt><x>721</x><y>1333</y></pt><pt><x>721</x><y>1268</y></pt><pt><x>1037</x><y>1268</y></pt></polygon></object></annotation>