<annotation><filename>imagen_05.jpg</filename><folder>users/jfuentes2014//img</folder><source><submittedBy>juan</submittedBy></source><imagesize><nrows>3400</nrows><ncols>2338</ncols></imagesize><object><name>numbers</name><deleted>0</deleted><verified>0</verified><occluded>no</occluded><attributes></attributes><parts><hasparts></hasparts><ispartof></ispartof></parts><date>24-Apr-2018 21:28:47</date><id>0</id><type>bounding_box</type><polygon><username>anonymous</username><pt><x>817</x><y>104</y></pt><pt><x>1169</x><y>104</y></pt><pt><x>1169</x><y>168</y></pt><pt><x>817</x><y>168</y></pt></polygon></object><object><name>numbers</name><deleted>0</deleted><verified>0</verified><occluded>no</occluded><attributes></attributes><parts><hasparts></hasparts><ispartof></ispartof></parts><date>24-Apr-2018 21:29:12</date><id>1</id><type>bounding_box</type><polygon><username>anonymous</username><pt><x>815</x><y>188</y></pt><pt><x>1115</x><y>188</y></pt><pt><x>1115</x><y>227</y></pt><pt><x>815</x><y>227</y></pt></polygon></object><object><name>numbers</name><deleted>0</deleted><verified>0</verified><occluded>no</occluded><attributes></attributes><parts><hasparts></hasparts><ispartof></ispartof></parts><date>24-Apr-2018 21:29:29</date><id>2</id><type>bounding_box</type><polygon><username>anonymous</username><pt><x>814</x><y>232</y></pt><pt><x>1113</x><y>232</y></pt><pt><x>1113</x><y>269</y></pt><pt><x>814</x><y>269</y></pt></polygon></object><object><name>numbers</name><deleted>0</deleted><verified>0</verified><occluded>no</occluded><attributes></attributes><parts><hasparts></hasparts><ispartof></ispartof></parts><date>24-Apr-2018 21:29:45</date><id>3</id><type>bounding_box</type><polygon><username>anonymous</username><pt><x>815</x><y>295</y></pt><pt><x>1105</x><y>295</y></pt><pt><x>1105</x><y>332</y></pt><pt><x>815</x><y>332</y></pt></polygon></object><object><name>numbers</name><deleted>0</deleted><verified>0</verified><occluded>no</occluded><attributes></attributes><parts><hasparts></hasparts><ispartof></ispartof></parts><date>24-Apr-2018 21:30:00</date><id>4</id><type>bounding_box</type><polygon><username>anonymous</username><pt><x>802</x><y>348</y></pt><pt><x>1103</x><y>348</y></pt><pt><x>1103</x><y>395</y></pt><pt><x>802</x><y>395</y></pt></polygon></object><object><name>numbers</name><deleted>0</deleted><verified>0</verified><occluded>no</occluded><attributes></attributes><parts><hasparts></hasparts><ispartof></ispartof></parts><date>24-Apr-2018 21:30:11</date><id>5</id><type>bounding_box</type><polygon><username>anonymous</username><pt><x>799</x><y>414</y></pt><pt><x>1055</x><y>414</y></pt><pt><x>1055</x><y>455</y></pt><pt><x>799</x><y>455</y></pt></polygon></object><object><name>numbers</name><deleted>0</deleted><verified>0</verified><occluded>no</occluded><attributes></attributes><parts><hasparts></hasparts><ispartof></ispartof></parts><date>24-Apr-2018 21:30:23</date><id>6</id><type>bounding_box</type><polygon><username>anonymous</username><pt><x>799</x><y>463</y></pt><pt><x>1064</x><y>463</y></pt><pt><x>1064</x><y>517</y></pt><pt><x>799</x><y>517</y></pt></polygon></object><object><name>numbers</name><deleted>0</deleted><verified>0</verified><occluded>no</occluded><attributes></attributes><parts><hasparts></hasparts><ispartof></ispartof></parts><date>24-Apr-2018 21:30:43</date><id>7</id><type>bounding_box</type><polygon><username>anonymous</username><pt><x>784</x><y>523</y></pt><pt><x>1068</x><y>523</y></pt><pt><x>1068</x><y>558</y></pt><pt><x>784</x><y>558</y></pt></polygon></object><object><name>numbers</name><deleted>0</deleted><verified>0</verified><occluded>no</occluded><attributes></attributes><parts><hasparts></hasparts><ispartof></ispartof></parts><date>24-Apr-2018 21:30:55</date><id>8</id><type>bounding_box</type><polygon><username>anonymous</username><pt><x>792</x><y>563</y></pt><pt><x>1060</x><y>563</y></pt><pt><x>1060</x><y>606</y></pt><pt><x>792</x><y>606</y></pt></polygon></object><object><name>numbers</name><deleted>0</deleted><verified>0</verified><occluded>no</occluded><attributes></attributes><parts><hasparts></hasparts><ispartof></ispartof></parts><date>24-Apr-2018 21:31:08</date><id>9</id><type>bounding_box</type><polygon><username>anonymous</username><pt><x>771</x><y>615</y></pt><pt><x>1080</x><y>615</y></pt><pt><x>1080</x><y>668</y></pt><pt><x>771</x><y>668</y></pt></polygon></object><object><name>numbers</name><deleted>0</deleted><verified>0</verified><occluded>no</occluded><attributes></attributes><parts><hasparts></hasparts><ispartof></ispartof></parts><date>24-Apr-2018 21:31:19</date><id>10</id><type>bounding_box</type><polygon><username>anonymous</username><pt><x>747</x><y>691</y></pt><pt><x>1068</x><y>691</y></pt><pt><x>1068</x><y>737</y></pt><pt><x>747</x><y>737</y></pt></polygon></object><object><name>numbers</name><deleted>0</deleted><verified>0</verified><occluded>no</occluded><attributes></attributes><parts><hasparts></hasparts><ispartof></ispartof></parts><date>24-Apr-2018 21:31:34</date><id>11</id><type>bounding_box</type><polygon><username>anonymous</username><pt><x>748</x><y>747</y></pt><pt><x>1022</x><y>747</y></pt><pt><x>1022</x><y>798</y></pt><pt><x>748</x><y>798</y></pt></polygon></object><object><name>numbers</name><deleted>0</deleted><verified>0</verified><occluded>no</occluded><attributes></attributes><parts><hasparts></hasparts><ispartof></ispartof></parts><date>24-Apr-2018 21:31:48</date><id>12</id><type>bounding_box</type><polygon><username>anonymous</username><pt><x>755</x><y>825</y></pt><pt><x>1066</x><y>825</y></pt><pt><x>1066</x><y>866</y></pt><pt><x>755</x><y>866</y></pt></polygon></object><object><name>numbers</name><deleted>0</deleted><verified>0</verified><occluded>no</occluded><attributes></attributes><parts><hasparts></hasparts><ispartof></ispartof></parts><date>24-Apr-2018 21:31:59</date><id>13</id><type>bounding_box</type><polygon><username>anonymous</username><pt><x>754</x><y>886</y></pt><pt><x>1048</x><y>886</y></pt><pt><x>1048</x><y>932</y></pt><pt><x>754</x><y>932</y></pt></polygon></object><object><name>numbers</name><deleted>0</deleted><verified>0</verified><occluded>no</occluded><attributes></attributes><parts><hasparts></hasparts><ispartof></ispartof></parts><date>24-Apr-2018 21:32:11</date><id>14</id><type>bounding_box</type><polygon><username>anonymous</username><pt><x>766</x><y>965</y></pt><pt><x>1037</x><y>965</y></pt><pt><x>1037</x><y>1008</y></pt><pt><x>766</x><y>1008</y></pt></polygon></object><object><name>numbers</name><deleted>0</deleted><verified>0</verified><occluded>no</occluded><attributes></attributes><parts><hasparts></hasparts><ispartof></ispartof></parts><date>24-Apr-2018 21:32:22</date><id>15</id><type>bounding_box</type><polygon><username>anonymous</username><pt><x>759</x><y>1025</y></pt><pt><x>1013</x><y>1025</y></pt><pt><x>1013</x><y>1074</y></pt><pt><x>759</x><y>1074</y></pt></polygon></object><object><name>numbers</name><deleted>0</deleted><verified>0</verified><occluded>no</occluded><attributes></attributes><parts><hasparts></hasparts><ispartof></ispartof></parts><date>24-Apr-2018 21:32:31</date><id>16</id><type>bounding_box</type><polygon><username>anonymous</username><pt><x>771</x><y>1104</y></pt><pt><x>1022</x><y>1104</y></pt><pt><x>1022</x><y>1153</y></pt><pt><x>771</x><y>1153</y></pt></polygon></object><object><name>numbers</name><deleted>0</deleted><verified>0</verified><occluded>no</occluded><attributes></attributes><parts><hasparts></hasparts><ispartof></ispartof></parts><date>24-Apr-2018 21:32:42</date><id>17</id><type>bounding_box</type><polygon><username>anonymous</username><pt><x>769</x><y>1202</y></pt><pt><x>1037</x><y>1202</y></pt><pt><x>1037</x><y>1248</y></pt><pt><x>769</x><y>1248</y></pt></polygon></object><object><name>numbers</name><deleted>0</deleted><verified>0</verified><occluded>no</occluded><attributes></attributes><parts><hasparts></hasparts><ispartof></ispartof></parts><date>24-Apr-2018 21:32:55</date><id>18</id><type>bounding_box</type><polygon><username>anonymous</username><pt><x>761</x><y>1255</y></pt><pt><x>1045</x><y>1255</y></pt><pt><x>1045</x><y>1310</y></pt><pt><x>761</x><y>1310</y></pt></polygon></object></annotation>