<annotation><filename>imagen_06.jpg</filename><folder>users/Fenix//bd_listas2</folder><source><submittedBy>Adiel</submittedBy></source><imagesize><nrows>3400</nrows><ncols>2338</ncols></imagesize><object><name>1</name><deleted>0</deleted><verified>0</verified><occluded>no</occluded><attributes></attributes><parts><hasparts></hasparts><ispartof></ispartof></parts><date>24-Apr-2018 21:27:43</date><id>0</id><type>bounding_box</type><polygon><username>anonymous</username><pt><x>1267</x><y>151</y></pt><pt><x>1024</x><y>151</y></pt><pt><x>1024</x><y>106</y></pt><pt><x>1267</x><y>106</y></pt></polygon></object><object><name>2</name><deleted>0</deleted><verified>0</verified><occluded>no</occluded><attributes></attributes><parts><hasparts></hasparts><ispartof></ispartof></parts><date>24-Apr-2018 21:27:54</date><id>1</id><type>bounding_box</type><polygon><username>anonymous</username><pt><x>1004</x><y>185</y></pt><pt><x>1284</x><y>185</y></pt><pt><x>1284</x><y>247</y></pt><pt><x>1004</x><y>247</y></pt></polygon></object><object><name>3</name><deleted>0</deleted><verified>0</verified><occluded>no</occluded><attributes></attributes><parts><hasparts></hasparts><ispartof></ispartof></parts><date>24-Apr-2018 21:28:04</date><id>2</id><type>bounding_box</type><polygon><username>anonymous</username><pt><x>997</x><y>268</y></pt><pt><x>1253</x><y>268</y></pt><pt><x>1253</x><y>308</y></pt><pt><x>997</x><y>308</y></pt></polygon></object><object><name>4</name><deleted>0</deleted><verified>0</verified><occluded>no</occluded><attributes></attributes><parts><hasparts></hasparts><ispartof></ispartof></parts><date>24-Apr-2018 21:28:15</date><id>3</id><type>bounding_box</type><polygon><username>anonymous</username><pt><x>997</x><y>322</y></pt><pt><x>1220</x><y>322</y></pt><pt><x>1220</x><y>359</y></pt><pt><x>997</x><y>359</y></pt></polygon></object><object><name>5</name><deleted>0</deleted><verified>0</verified><occluded>no</occluded><attributes></attributes><parts><hasparts></hasparts><ispartof></ispartof></parts><date>24-Apr-2018 21:28:30</date><id>4</id><type>bounding_box</type><polygon><username>anonymous</username><pt><x>1223</x><y>408</y></pt><pt><x>988</x><y>408</y></pt><pt><x>988</x><y>368</y></pt><pt><x>1223</x><y>368</y></pt></polygon></object><object><name>6</name><deleted>0</deleted><verified>0</verified><occluded>no</occluded><attributes></attributes><parts><hasparts></hasparts><ispartof></ispartof></parts><date>24-Apr-2018 21:28:58</date><id>5</id><type>bounding_box</type><polygon><username>anonymous</username><pt><x>1267</x><y>483</y></pt><pt><x>984</x><y>483</y></pt><pt><x>984</x><y>434</y></pt><pt><x>1267</x><y>434</y></pt></polygon></object><object><name>7</name><deleted>0</deleted><verified>0</verified><occluded>no</occluded><attributes></attributes><parts><hasparts></hasparts><ispartof></ispartof></parts><date>24-Apr-2018 21:29:18</date><id>6</id><type>bounding_box</type><polygon><username>anonymous</username><pt><x>985</x><y>486</y></pt><pt><x>1233</x><y>486</y></pt><pt><x>1233</x><y>535</y></pt><pt><x>985</x><y>535</y></pt></polygon></object><object><name>8</name><deleted>0</deleted><verified>0</verified><occluded>no</occluded><attributes></attributes><parts><hasparts></hasparts><ispartof></ispartof></parts><date>24-Apr-2018 21:29:32</date><id>7</id><type>bounding_box</type><polygon><username>anonymous</username><pt><x>980</x><y>538</y></pt><pt><x>1230</x><y>538</y></pt><pt><x>1230</x><y>579</y></pt><pt><x>980</x><y>579</y></pt></polygon></object><object><name>9</name><deleted>0</deleted><verified>0</verified><occluded>no</occluded><attributes></attributes><parts><hasparts></hasparts><ispartof></ispartof></parts><date>24-Apr-2018 21:29:53</date><id>8</id><type>bounding_box</type><polygon><username>anonymous</username><pt><x>979</x><y>629</y></pt><pt><x>1267</x><y>629</y></pt><pt><x>1267</x><y>672</y></pt><pt><x>979</x><y>672</y></pt></polygon></object><object><name>10</name><deleted>0</deleted><verified>0</verified><occluded>no</occluded><attributes></attributes><parts><hasparts></hasparts><ispartof></ispartof></parts><date>24-Apr-2018 21:30:40</date><id>9</id><type>bounding_box</type><polygon><username>anonymous</username><pt><x>970</x><y>702</y></pt><pt><x>1241</x><y>702</y></pt><pt><x>1241</x><y>736</y></pt><pt><x>970</x><y>736</y></pt></polygon></object><object><name>11</name><deleted>0</deleted><verified>0</verified><occluded>no</occluded><attributes></attributes><parts><hasparts></hasparts><ispartof></ispartof></parts><date>24-Apr-2018 21:31:00</date><id>10</id><type>bounding_box</type><polygon><username>anonymous</username><pt><x>993</x><y>765</y></pt><pt><x>1251</x><y>765</y></pt><pt><x>1251</x><y>807</y></pt><pt><x>993</x><y>807</y></pt></polygon></object><object><name>12</name><deleted>0</deleted><verified>0</verified><occluded>no</occluded><attributes></attributes><parts><hasparts></hasparts><ispartof></ispartof></parts><date>24-Apr-2018 21:31:28</date><id>11</id><type>bounding_box</type><polygon><username>anonymous</username><pt><x>1248</x><y>868</y></pt><pt><x>992</x><y>868</y></pt><pt><x>992</x><y>829</y></pt><pt><x>1248</x><y>829</y></pt></polygon></object><object><name>13</name><deleted>0</deleted><verified>0</verified><occluded>no</occluded><attributes></attributes><parts><hasparts></hasparts><ispartof></ispartof></parts><date>24-Apr-2018 21:31:49</date><id>12</id><type>bounding_box</type><polygon><username>anonymous</username><pt><x>979</x><y>879</y></pt><pt><x>1234</x><y>879</y></pt><pt><x>1234</x><y>932</y></pt><pt><x>979</x><y>932</y></pt></polygon></object><object><name>14</name><deleted>0</deleted><verified>0</verified><occluded>no</occluded><attributes></attributes><parts><hasparts></hasparts><ispartof></ispartof></parts><date>24-Apr-2018 21:32:01</date><id>13</id><type>bounding_box</type><polygon><username>anonymous</username><pt><x>972</x><y>938</y></pt><pt><x>1216</x><y>938</y></pt><pt><x>1216</x><y>987</y></pt><pt><x>972</x><y>987</y></pt></polygon></object><object><name>15</name><deleted>0</deleted><verified>0</verified><occluded>no</occluded><attributes></attributes><parts><hasparts></hasparts><ispartof></ispartof></parts><date>24-Apr-2018 21:32:25</date><id>14</id><type>bounding_box</type><polygon><username>anonymous</username><pt><x>965</x><y>1044</y></pt><pt><x>1223</x><y>1044</y></pt><pt><x>1223</x><y>999</y></pt><pt><x>965</x><y>999</y></pt></polygon></object><object><name>16</name><deleted>0</deleted><verified>0</verified><occluded>no</occluded><attributes></attributes><parts><hasparts></hasparts><ispartof></ispartof></parts><date>24-Apr-2018 21:32:44</date><id>15</id><type>bounding_box</type><polygon><username>anonymous</username><pt><x>956</x><y>1055</y></pt><pt><x>1225</x><y>1055</y></pt><pt><x>1225</x><y>1100</y></pt><pt><x>956</x><y>1100</y></pt></polygon></object><object><name>17</name><deleted>0</deleted><verified>0</verified><occluded>no</occluded><attributes></attributes><parts><hasparts></hasparts><ispartof></ispartof></parts><date>24-Apr-2018 21:33:01</date><id>16</id><type>bounding_box</type><polygon><username>anonymous</username><pt><x>952</x><y>1103</y></pt><pt><x>1152</x><y>1103</y></pt><pt><x>1152</x><y>1141</y></pt><pt><x>952</x><y>1141</y></pt></polygon></object><object><name>18</name><deleted>0</deleted><verified>0</verified><occluded>no</occluded><attributes></attributes><parts><hasparts></hasparts><ispartof></ispartof></parts><date>24-Apr-2018 21:33:15</date><id>17</id><type>bounding_box</type><polygon><username>anonymous</username><pt><x>942</x><y>1160</y></pt><pt><x>1119</x><y>1160</y></pt><pt><x>1119</x><y>1212</y></pt><pt><x>942</x><y>1212</y></pt></polygon></object><object><name>19</name><deleted>0</deleted><verified>0</verified><occluded>no</occluded><attributes></attributes><parts><hasparts></hasparts><ispartof></ispartof></parts><date>24-Apr-2018 21:33:40</date><id>18</id><type>bounding_box</type><polygon><username>anonymous</username><pt><x>939</x><y>1221</y></pt><pt><x>1166</x><y>1221</y></pt><pt><x>1166</x><y>1262</y></pt><pt><x>939</x><y>1262</y></pt></polygon></object><object><name>20</name><deleted>0</deleted><verified>0</verified><occluded>no</occluded><attributes></attributes><parts><hasparts></hasparts><ispartof></ispartof></parts><date>24-Apr-2018 21:33:54</date><id>19</id><type>bounding_box</type><polygon><username>anonymous</username><pt><x>937</x><y>1293</y></pt><pt><x>1157</x><y>1293</y></pt><pt><x>1157</x><y>1325</y></pt><pt><x>937</x><y>1325</y></pt></polygon></object><object><name>21</name><deleted>0</deleted><verified>0</verified><occluded>no</occluded><attributes></attributes><parts><hasparts></hasparts><ispartof></ispartof></parts><date>24-Apr-2018 21:34:14</date><id>20</id><type>bounding_box</type><polygon><username>anonymous</username><pt><x>931</x><y>1332</y></pt><pt><x>1194</x><y>1332</y></pt><pt><x>1194</x><y>1367</y></pt><pt><x>931</x><y>1367</y></pt></polygon></object><object><name>22</name><deleted>0</deleted><verified>0</verified><occluded>no</occluded><attributes></attributes><parts><hasparts></hasparts><ispartof></ispartof></parts><date>24-Apr-2018 21:34:29</date><id>21</id><type>bounding_box</type><polygon><username>anonymous</username><pt><x>935</x><y>1389</y></pt><pt><x>1209</x><y>1389</y></pt><pt><x>1209</x><y>1436</y></pt><pt><x>935</x><y>1436</y></pt></polygon></object></annotation>